concept_id,code,code_system_id,display,semantic_group
HCPCS-99202,99202,HCPCS,"Office visit, new patient, level 2",PROCEDURE
HCPCS-99203,99203,HCPCS,"Office visit, new patient, level 3",PROCEDURE
HCPCS-99204,99204,HCPCS,"Office visit, new patient, level 4",PROCEDURE
HCPCS-99205,99205,HCPCS,"Office visit, new patient, level 5",PROCEDURE
HCPCS-99212,99212,HCPCS,"Office visit, established patient, level 2",PROCEDURE
HCPCS-99213,99213,HCPCS,"Office visit, established patient, level 3",PROCEDURE
HCPCS-99214,99214,HCPCS,"Office visit, established patient, level 4",PROCEDURE
HCPCS-99215,99215,HCPCS,"Office visit, established patient, level 5",PROCEDURE
HCPCS-99221,99221,HCPCS,"Initial hospital care, low complexity",PROCEDURE
HCPCS-99222,99222,HCPCS,"Initial hospital care, moderate complexity",PROCEDURE
HCPCS-99223,99223,HCPCS,"Initial hospital care, high complexity",PROCEDURE
HCPCS-99231,99231,HCPCS,"Subsequent hospital care, low complexity",PROCEDURE
HCPCS-99232,99232,HCPCS,"Subsequent hospital care, moderate complexity",PROCEDURE
HCPCS-99233,99233,HCPCS,"Subsequent hospital care, high complexity",PROCEDURE
HCPCS-99238,99238,HCPCS,"Hospital discharge, 30 min or less",PROCEDURE
HCPCS-99281,99281,HCPCS,"ED visit, level 1",PROCEDURE
HCPCS-99282,99282,HCPCS,"ED visit, level 2",PROCEDURE
HCPCS-99283,99283,HCPCS,"ED visit, level 3",PROCEDURE
HCPCS-99284,99284,HCPCS,"ED visit, level 4",PROCEDURE
HCPCS-99285,99285,HCPCS,"ED visit, level 5",PROCEDURE
HCPCS-99291,99291,HCPCS,"Critical care, first 30-74 minutes",PROCEDURE
HCPCS-A4253,A4253,HCPCS,Blood glucose test strips,DEVICE
HCPCS-E0601,E0601,HCPCS,CPAP device,DEVICE
HCPCS-G0438,G0438,HCPCS,"Annual wellness visit, initial",PROCEDURE
HCPCS-G0439,G0439,HCPCS,"Annual wellness visit, subsequent",PROCEDURE
HCPCS-G0444,G0444,HCPCS,Annual depression screening,PROCEDURE
HCPCS-J0135,J0135,HCPCS,"Injection, adalimumab, 20 mg",PROCEDURE
HCPCS-J0585,J0585,HCPCS,"Injection, onabotulinumtoxinA, 1 unit",PROCEDURE
HCPCS-J1030,J1030,HCPCS,"Injection, methylprednisolone acetate, 40 mg",PROCEDURE
HCPCS-J1100,J1100,HCPCS,"Injection, dexamethasone sodium phosphate, 1 mg",PROCEDURE
HCPCS-J1644,J1644,HCPCS,"Injection, heparin sodium, per 1000 units",PROCEDURE
HCPCS-J1745,J1745,HCPCS,"Injection, infliximab, 10 mg",PROCEDURE
HCPCS-J1885,J1885,HCPCS,"Injection, ketorolac tromethamine, per 15 mg",PROCEDURE
HCPCS-J2270,J2270,HCPCS,"Injection, morphine sulfate, up to 10 mg",PROCEDURE
HCPCS-J2405,J2405,HCPCS,"Injection, ondansetron HCl, per 1 mg",PROCEDURE
HCPCS-J2704,J2704,HCPCS,"Injection, propofol, 10 mg",PROCEDURE
HCPCS-J2997,J2997,HCPCS,"Injection, alteplase recombinant, 1 mg",PROCEDURE
HCPCS-J3010,J3010,HCPCS,"Injection, fentanyl citrate, 0.1 mg",PROCEDURE
HCPCS-J3370,J3370,HCPCS,"Injection, vancomycin HCl, 500 mg",PROCEDURE
HCPCS-J7040,J7040,HCPCS,"Infusion, normal saline, 500 ml",PROCEDURE
HCPCS-J9035,J9035,HCPCS,"Injection, bevacizumab, 10 mg",PROCEDURE
HCPCS-J9228,J9228,HCPCS,"Injection, ipilimumab, 1 mg",PROCEDURE
HCPCS-J9271,J9271,HCPCS,"Injection, pembrolizumab, 1 mg",PROCEDURE
HCPCS-J9299,J9299,HCPCS,"Injection, nivolumab, 1 mg",PROCEDURE
HCPCS-J9355,J9355,HCPCS,"Injection, trastuzumab, 10 mg",PROCEDURE
ICDO3-8000/0,8000/0,ICDO3,"Neoplasm, benign",TUMOR
ICDO3-8000/1,8000/1,ICDO3,"Neoplasm, uncertain whether benign or malignant",TUMOR
ICDO3-8000/3,8000/3,ICDO3,"Neoplasm, malignant",TUMOR
ICDO3-8000/6,8000/6,ICDO3,"Neoplasm, metastatic",TUMOR
ICDO3-8001/3,8001/3,ICDO3,"Tumor cells, malignant",TUMOR
ICDO3-8010/0,8010/0,ICDO3,"Epithelial tumor, benign",TUMOR
ICDO3-8010/2,8010/2,ICDO3,"Carcinoma in situ, NOS",TUMOR
ICDO3-8010/3,8010/3,ICDO3,"Carcinoma, NOS",TUMOR
ICDO3-8012/3,8012/3,ICDO3,"Large cell carcinoma, NOS",TUMOR
ICDO3-8013/3,8013/3,ICDO3,Large cell neuroendocrine carcinoma,TUMOR
ICDO3-8020/3,8020/3,ICDO3,"Undifferentiated carcinoma, NOS",TUMOR
ICDO3-8041/3,8041/3,ICDO3,"Small cell carcinoma, NOS",TUMOR
ICDO3-8046/3,8046/3,ICDO3,Non-small cell carcinoma,TUMOR
ICDO3-8050/3,8050/3,ICDO3,"Papillary carcinoma, NOS",TUMOR
ICDO3-8051/3,8051/3,ICDO3,"Verrucous carcinoma, NOS",TUMOR
ICDO3-8052/3,8052/3,ICDO3,Papillary squamous cell carcinoma,TUMOR
ICDO3-8070/2,8070/2,ICDO3,"Squamous cell carcinoma in situ, NOS",TUMOR
ICDO3-8070/3,8070/3,ICDO3,"Squamous cell carcinoma, NOS",TUMOR
ICDO3-8071/3,8071/3,ICDO3,"Squamous cell carcinoma, keratinizing, NOS",TUMOR
ICDO3-8072/3,8072/3,ICDO3,"Squamous cell carcinoma, large cell, nonkeratinizing",TUMOR
ICDO3-8074/3,8074/3,ICDO3,"Squamous cell carcinoma, spindle cell",TUMOR
ICDO3-8076/3,8076/3,ICDO3,"Squamous cell carcinoma, micro-invasive",TUMOR
ICDO3-8083/3,8083/3,ICDO3,Basaloid squamous cell carcinoma,TUMOR
ICDO3-8090/3,8090/3,ICDO3,"Basal cell carcinoma, NOS",TUMOR
ICDO3-8120/3,8120/3,ICDO3,"Transitional cell carcinoma, NOS",TUMOR
ICDO3-8130/3,8130/3,ICDO3,Papillary transitional cell carcinoma,TUMOR
ICDO3-8140/0,8140/0,ICDO3,"Adenoma, NOS",TUMOR
ICDO3-8140/2,8140/2,ICDO3,"Adenocarcinoma in situ, NOS",TUMOR
ICDO3-8140/3,8140/3,ICDO3,"Adenocarcinoma, NOS",TUMOR
ICDO3-8142/3,8142/3,ICDO3,Linitis plastica,TUMOR
ICDO3-8148/2,8148/2,ICDO3,"Glandular intraepithelial neoplasia, grade III",TUMOR
ICDO3-8160/3,8160/3,ICDO3,Cholangiocarcinoma,TUMOR
ICDO3-8170/3,8170/3,ICDO3,"Hepatocellular carcinoma, NOS",TUMOR
ICDO3-8200/3,8200/3,ICDO3,Adenoid cystic carcinoma,TUMOR
ICDO3-8210/0,8210/0,ICDO3,"Adenomatous polyp, NOS",TUMOR
ICDO3-8210/3,8210/3,ICDO3,Adenocarcinoma in adenomatous polyp,TUMOR
ICDO3-8211/3,8211/3,ICDO3,Tubular adenocarcinoma,TUMOR
ICDO3-8230/3,8230/3,ICDO3,"Solid carcinoma, NOS",TUMOR
ICDO3-8240/3,8240/3,ICDO3,"Carcinoid tumor, NOS",TUMOR
ICDO3-8246/3,8246/3,ICDO3,"Neuroendocrine carcinoma, NOS",TUMOR
ICDO3-8249/3,8249/3,ICDO3,Atypical carcinoid tumor,TUMOR
ICDO3-8250/3,8250/3,ICDO3,"Bronchiolo-alveolar adenocarcinoma, NOS",TUMOR
ICDO3-8255/3,8255/3,ICDO3,Adenocarcinoma with mixed subtypes,TUMOR
ICDO3-8260/3,8260/3,ICDO3,"Papillary adenocarcinoma, NOS",TUMOR
ICDO3-8261/3,8261/3,ICDO3,Villous adenocarcinoma,TUMOR
ICDO3-8263/3,8263/3,ICDO3,Tubulovillous adenocarcinoma,TUMOR
ICDO3-8290/3,8290/3,ICDO3,Oxyphilic adenocarcinoma,TUMOR
ICDO3-8310/3,8310/3,ICDO3,"Clear cell adenocarcinoma, NOS",TUMOR
ICDO3-8312/3,8312/3,ICDO3,"Renal cell carcinoma, NOS",TUMOR
ICDO3-8317/3,8317/3,ICDO3,Chromophobe renal cell carcinoma,TUMOR
ICDO3-8320/3,8320/3,ICDO3,Granular cell carcinoma,TUMOR
ICDO3-8340/3,8340/3,ICDO3,"Papillary carcinoma, follicular variant",TUMOR
ICDO3-8370/3,8370/3,ICDO3,Adrenal cortical carcinoma,TUMOR
ICDO3-8380/3,8380/3,ICDO3,"Endometrioid carcinoma, NOS",TUMOR
ICDO3-8430/3,8430/3,ICDO3,Mucoepidermoid carcinoma,TUMOR
ICDO3-8440/3,8440/3,ICDO3,"Cystadenocarcinoma, NOS",TUMOR
ICDO3-8441/3,8441/3,ICDO3,"Serous cystadenocarcinoma, NOS",TUMOR
ICDO3-8460/3,8460/3,ICDO3,Papillary serous cystadenocarcinoma,TUMOR
ICDO3-8461/3,8461/3,ICDO3,Serous surface papillary carcinoma,TUMOR
ICDO3-8470/3,8470/3,ICDO3,"Mucinous cystadenocarcinoma, NOS",TUMOR
ICDO3-8480/3,8480/3,ICDO3,Mucinous adenocarcinoma,TUMOR
ICDO3-8490/3,8490/3,ICDO3,Signet ring cell carcinoma,TUMOR
ICDO3-8500/2,8500/2,ICDO3,"Intraductal carcinoma, noninfiltrating, NOS",TUMOR
ICDO3-8500/3,8500/3,ICDO3,"Infiltrating duct carcinoma, NOS",TUMOR
ICDO3-8503/3,8503/3,ICDO3,Intraductal papillary adenocarcinoma with invasion,TUMOR
ICDO3-8510/3,8510/3,ICDO3,"Medullary carcinoma, NOS",TUMOR
ICDO3-8520/3,8520/3,ICDO3,"Lobular carcinoma, NOS",TUMOR
ICDO3-8521/3,8521/3,ICDO3,Infiltrating ductular carcinoma,TUMOR
ICDO3-8522/3,8522/3,ICDO3,Infiltrating duct and lobular carcinoma,TUMOR
ICDO3-8523/3,8523/3,ICDO3,Infiltrating duct mixed with other types,TUMOR
ICDO3-8530/3,8530/3,ICDO3,Inflammatory carcinoma,TUMOR
ICDO3-8541/3,8541/3,ICDO3,Paget disease and infiltrating duct carcinoma,TUMOR
ICDO3-8550/3,8550/3,ICDO3,Acinar cell carcinoma,TUMOR
ICDO3-8560/3,8560/3,ICDO3,Adenosquamous carcinoma,TUMOR
ICDO3-8574/3,8574/3,ICDO3,Adenocarcinoma with neuroendocrine differentiation,TUMOR
ICDO3-8575/3,8575/3,ICDO3,"Metaplastic carcinoma, NOS",TUMOR
ICDO3-8680/3,8680/3,ICDO3,"Paraganglioma, malignant",TUMOR
ICDO3-8700/3,8700/3,ICDO3,"Pheochromocytoma, malignant",TUMOR
ICDO3-8720/3,8720/3,ICDO3,"Malignant melanoma, NOS",TUMOR
ICDO3-8721/3,8721/3,ICDO3,Nodular melanoma,TUMOR
ICDO3-8742/3,8742/3,ICDO3,Lentigo maligna melanoma,TUMOR
ICDO3-8743/3,8743/3,ICDO3,Superficial spreading melanoma,TUMOR
ICDO3-8744/3,8744/3,ICDO3,"Acral lentiginous melanoma, malignant",TUMOR
ICDO3-8800/3,8800/3,ICDO3,"Sarcoma, NOS",TUMOR
ICDO3-8801/3,8801/3,ICDO3,Spindle cell sarcoma,TUMOR
ICDO3-8810/3,8810/3,ICDO3,"Fibrosarcoma, NOS",TUMOR
ICDO3-8815/3,8815/3,ICDO3,"Solitary fibrous tumor, malignant",TUMOR
ICDO3-8830/3,8830/3,ICDO3,Malignant fibrous histiocytoma,TUMOR
ICDO3-8850/3,8850/3,ICDO3,"Liposarcoma, NOS",TUMOR
ICDO3-8890/3,8890/3,ICDO3,"Leiomyosarcoma, NOS",TUMOR
ICDO3-8900/3,8900/3,ICDO3,"Rhabdomyosarcoma, NOS",TUMOR
ICDO3-8935/3,8935/3,ICDO3,"Stromal sarcoma, NOS",TUMOR
ICDO3-8936/3,8936/3,ICDO3,"Gastrointestinal stromal tumor, malignant",TUMOR
ICDO3-8940/3,8940/3,ICDO3,"Mixed tumor, malignant, NOS",TUMOR
ICDO3-8960/3,8960/3,ICDO3,"Nephroblastoma, NOS (Wilms tumor)",TUMOR
ICDO3-8963/3,8963/3,ICDO3,Malignant rhabdoid tumor,TUMOR
ICDO3-9050/3,9050/3,ICDO3,"Mesothelioma, malignant",TUMOR
ICDO3-9060/3,9060/3,ICDO3,Dysgerminoma,TUMOR
ICDO3-9070/3,9070/3,ICDO3,"Embryonal carcinoma, NOS",TUMOR
ICDO3-9071/3,9071/3,ICDO3,Yolk sac tumor,TUMOR
ICDO3-9080/3,9080/3,ICDO3,"Teratoma, malignant, NOS",TUMOR
ICDO3-9100/3,9100/3,ICDO3,"Choriocarcinoma, NOS",TUMOR
ICDO3-9120/3,9120/3,ICDO3,Hemangiosarcoma,TUMOR
ICDO3-9133/3,9133/3,ICDO3,"Epithelioid hemangioendothelioma, malignant",TUMOR
ICDO3-9140/3,9140/3,ICDO3,Kaposi sarcoma,TUMOR
ICDO3-9180/3,9180/3,ICDO3,"Osteosarcoma, NOS",TUMOR
ICDO3-9220/3,9220/3,ICDO3,"Chondrosarcoma, NOS",TUMOR
ICDO3-9240/3,9240/3,ICDO3,Mesenchymal chondrosarcoma,TUMOR
ICDO3-9260/3,9260/3,ICDO3,Ewing sarcoma,TUMOR
ICDO3-9380/3,9380/3,ICDO3,"Glioma, malignant",TUMOR
ICDO3-9381/3,9381/3,ICDO3,Gliomatosis cerebri,TUMOR
ICDO3-9382/3,9382/3,ICDO3,Mixed glioma,TUMOR
ICDO3-9391/3,9391/3,ICDO3,"Ependymoma, NOS",TUMOR
ICDO3-9392/3,9392/3,ICDO3,"Ependymoma, anaplastic",TUMOR
ICDO3-9400/3,9400/3,ICDO3,"Astrocytoma, NOS",TUMOR
ICDO3-9401/3,9401/3,ICDO3,"Astrocytoma, anaplastic",TUMOR
ICDO3-9410/3,9410/3,ICDO3,Protoplasmic astrocytoma,TUMOR
ICDO3-9411/3,9411/3,ICDO3,Gemistocytic astrocytoma,TUMOR
ICDO3-9420/3,9420/3,ICDO3,Fibrillary astrocytoma,TUMOR
ICDO3-9421/3,9421/3,ICDO3,Pilocytic astrocytoma,TUMOR
ICDO3-9440/3,9440/3,ICDO3,"Glioblastoma, NOS",TUMOR
ICDO3-9450/3,9450/3,ICDO3,"Oligodendroglioma, NOS",TUMOR
ICDO3-9451/3,9451/3,ICDO3,"Oligodendroglioma, anaplastic",TUMOR
ICDO3-9470/3,9470/3,ICDO3,"Medulloblastoma, NOS",TUMOR
ICDO3-9500/3,9500/3,ICDO3,"Neuroblastoma, NOS",TUMOR
ICDO3-9510/3,9510/3,ICDO3,"Retinoblastoma, NOS",TUMOR
ICDO3-9530/3,9530/3,ICDO3,"Meningioma, malignant",TUMOR
ICDO3-9590/3,9590/3,ICDO3,"Malignant lymphoma, NOS",TUMOR
ICDO3-9591/3,9591/3,ICDO3,"Malignant lymphoma, non-Hodgkin, NOS",TUMOR
ICDO3-9650/3,9650/3,ICDO3,"Hodgkin lymphoma, NOS",TUMOR
ICDO3-9651/3,9651/3,ICDO3,"Hodgkin lymphoma, lymphocyte-rich",TUMOR
ICDO3-9652/3,9652/3,ICDO3,"Hodgkin lymphoma, mixed cellularity, NOS",TUMOR
ICDO3-9653/3,9653/3,ICDO3,"Hodgkin lymphoma, lymphocyte depletion, NOS",TUMOR
ICDO3-9659/3,9659/3,ICDO3,"Hodgkin lymphoma, nodular lymphocyte predominant",TUMOR
ICDO3-9663/3,9663/3,ICDO3,"Hodgkin lymphoma, nodular sclerosis, NOS",TUMOR
ICDO3-9670/3,9670/3,ICDO3,"Small lymphocytic lymphoma, NOS",TUMOR
ICDO3-9671/3,9671/3,ICDO3,Lymphoplasmacytic lymphoma,TUMOR
ICDO3-9673/3,9673/3,ICDO3,Mantle cell lymphoma,TUMOR
ICDO3-9680/3,9680/3,ICDO3,"Diffuse large B-cell lymphoma, NOS",TUMOR
ICDO3-9687/3,9687/3,ICDO3,"Burkitt lymphoma, NOS",TUMOR
ICDO3-9690/3,9690/3,ICDO3,"Follicular lymphoma, NOS",TUMOR
ICDO3-9691/3,9691/3,ICDO3,"Follicular lymphoma, grade 1",TUMOR
ICDO3-9695/3,9695/3,ICDO3,"Follicular lymphoma, grade 1-2",TUMOR
ICDO3-9698/3,9698/3,ICDO3,"Follicular lymphoma, grade 3",TUMOR
ICDO3-9699/3,9699/3,ICDO3,"Marginal zone B-cell lymphoma, NOS",TUMOR
ICDO3-9702/3,9702/3,ICDO3,"Peripheral T-cell lymphoma, NOS",TUMOR
ICDO3-9705/3,9705/3,ICDO3,Angioimmunoblastic T-cell lymphoma,TUMOR
ICDO3-9714/3,9714/3,ICDO3,"Anaplastic large cell lymphoma, ALK positive",TUMOR
ICDO3-9718/3,9718/3,ICDO3,Primary cutaneous ALCL,TUMOR
ICDO3-9719/3,9719/3,ICDO3,"NK/T-cell lymphoma, nasal type",TUMOR
ICDO3-9727/3,9727/3,ICDO3,"Precursor cell lymphoblastic lymphoma, NOS",TUMOR
ICDO3-9731/3,9731/3,ICDO3,"Plasmacytoma, NOS",TUMOR
ICDO3-9732/3,9732/3,ICDO3,Multiple myeloma,TUMOR
ICDO3-9734/3,9734/3,ICDO3,"Plasmacytoma, extramedullary",TUMOR
ICDO3-9740/3,9740/3,ICDO3,Mast cell sarcoma,TUMOR
ICDO3-9741/3,9741/3,ICDO3,Systemic mastocytosis,TUMOR
ICDO3-9750/3,9750/3,ICDO3,Histiocytic sarcoma,TUMOR
ICDO3-9761/3,9761/3,ICDO3,Waldenstrom macroglobulinemia,TUMOR
ICDO3-9800/3,9800/3,ICDO3,"Leukemia, NOS",TUMOR
ICDO3-9801/3,9801/3,ICDO3,"Acute leukemia, NOS",TUMOR
ICDO3-9805/3,9805/3,ICDO3,"Acute leukemia, ambiguous lineage",TUMOR
ICDO3-9811/3,9811/3,ICDO3,"B-lymphoblastic leukemia/lymphoma, NOS",TUMOR
ICDO3-9823/3,9823/3,ICDO3,B-cell chronic lymphocytic leukemia,TUMOR
ICDO3-9826/3,9826/3,ICDO3,Acute promyelocytic leukemia,TUMOR
ICDO3-9827/3,9827/3,ICDO3,Adult T-cell leukemia/lymphoma,TUMOR
ICDO3-9831/3,9831/3,ICDO3,T-cell large granular lymphocytic leukemia,TUMOR
ICDO3-9832/3,9832/3,ICDO3,"Prolymphocytic leukemia, NOS",TUMOR
ICDO3-9833/3,9833/3,ICDO3,"Prolymphocytic leukemia, B-cell type",TUMOR
ICDO3-9837/3,9837/3,ICDO3,T lymphoblastic leukemia/lymphoma,TUMOR
ICDO3-9840/3,9840/3,ICDO3,Acute erythroid leukemia,TUMOR
ICDO3-9860/3,9860/3,ICDO3,"Myeloid leukemia, NOS",TUMOR
ICDO3-9861/3,9861/3,ICDO3,"Acute myeloid leukemia, NOS",TUMOR
ICDO3-9863/3,9863/3,ICDO3,"Chronic myeloid leukemia, NOS",TUMOR
ICDO3-9866/3,9866/3,ICDO3,"Acute promyelocytic leukemia, PML-RARA",TUMOR
ICDO3-9871/3,9871/3,ICDO3,AML with inv(16)(p13.1q22),TUMOR
ICDO3-9891/3,9891/3,ICDO3,Acute monocytic leukemia,TUMOR
ICDO3-9895/3,9895/3,ICDO3,AML with myelodysplasia-related changes,TUMOR
ICDO3-9896/3,9896/3,ICDO3,"AML, t(8;21)(q22;q22.1)",TUMOR
ICDO3-9920/3,9920/3,ICDO3,Therapy-related myeloid neoplasm,TUMOR
ICDO3-9945/3,9945/3,ICDO3,"Chronic myelomonocytic leukemia, NOS",TUMOR
ICDO3-9950/3,9950/3,ICDO3,Polycythemia vera,TUMOR
ICDO3-9960/3,9960/3,ICDO3,"Myeloproliferative neoplasm, NOS",TUMOR
ICDO3-9961/3,9961/3,ICDO3,Primary myelofibrosis,TUMOR
ICDO3-9962/3,9962/3,ICDO3,Essential thrombocythemia,TUMOR
ICDO3-9975/3,9975/3,ICDO3,"Myelodysplastic/myeloproliferative neoplasm, unclassifiable",TUMOR
ICDO3-9980/3,9980/3,ICDO3,Refractory anemia,TUMOR
ICDO3-9983/3,9983/3,ICDO3,Refractory anemia with excess blasts,TUMOR
ICDO3-9989/3,9989/3,ICDO3,"Myelodysplastic syndrome, NOS",TUMOR
ICDO3-C00.0,C00.0,ICDO3,External upper lip,ANATOMY
ICDO3-C00.1,C00.1,ICDO3,External lower lip,ANATOMY
ICDO3-C01.9,C01.9,ICDO3,"Base of tongue, NOS",ANATOMY
ICDO3-C02.0,C02.0,ICDO3,"Dorsal surface of tongue, NOS",ANATOMY
ICDO3-C02.9,C02.9,ICDO3,"Tongue, NOS",ANATOMY
ICDO3-C03.0,C03.0,ICDO3,Upper gum,ANATOMY
ICDO3-C03.1,C03.1,ICDO3,Lower gum,ANATOMY
ICDO3-C04.0,C04.0,ICDO3,Anterior floor of mouth,ANATOMY
ICDO3-C05.0,C05.0,ICDO3,Hard palate,ANATOMY
ICDO3-C06.0,C06.0,ICDO3,Cheek mucosa,ANATOMY
ICDO3-C07.9,C07.9,ICDO3,Parotid gland,ANATOMY
ICDO3-C08.0,C08.0,ICDO3,Submandibular gland,ANATOMY
ICDO3-C09.0,C09.0,ICDO3,Tonsillar fossa,ANATOMY
ICDO3-C09.9,C09.9,ICDO3,"Tonsil, NOS",ANATOMY
ICDO3-C10.0,C10.0,ICDO3,Vallecula,ANATOMY
ICDO3-C11.0,C11.0,ICDO3,Superior wall of nasopharynx,ANATOMY
ICDO3-C11.1,C11.1,ICDO3,Posterior wall of nasopharynx,ANATOMY
ICDO3-C12.9,C12.9,ICDO3,Pyriform sinus,ANATOMY
ICDO3-C13.0,C13.0,ICDO3,Postcricoid region,ANATOMY
ICDO3-C14.0,C14.0,ICDO3,"Pharynx, NOS",ANATOMY
ICDO3-C15.0,C15.0,ICDO3,Cervical esophagus,ANATOMY
ICDO3-C15.3,C15.3,ICDO3,Upper third of esophagus,ANATOMY
ICDO3-C15.4,C15.4,ICDO3,Middle third of esophagus,ANATOMY
ICDO3-C15.5,C15.5,ICDO3,Lower third of esophagus,ANATOMY
ICDO3-C15.9,C15.9,ICDO3,"Esophagus, NOS",ANATOMY
ICDO3-C16.0,C16.0,ICDO3,"Cardia, NOS",ANATOMY
ICDO3-C16.1,C16.1,ICDO3,Fundus of stomach,ANATOMY
ICDO3-C16.2,C16.2,ICDO3,Body of stomach,ANATOMY
ICDO3-C16.3,C16.3,ICDO3,Gastric antrum,ANATOMY
ICDO3-C16.4,C16.4,ICDO3,Pylorus,ANATOMY
ICDO3-C16.9,C16.9,ICDO3,"Stomach, NOS",ANATOMY
ICDO3-C17.0,C17.0,ICDO3,Duodenum,ANATOMY
ICDO3-C17.1,C17.1,ICDO3,Jejunum,ANATOMY
ICDO3-C17.2,C17.2,ICDO3,Ileum,ANATOMY
ICDO3-C17.9,C17.9,ICDO3,"Small intestine, NOS",ANATOMY
ICDO3-C18.0,C18.0,ICDO3,Cecum,ANATOMY
ICDO3-C18.1,C18.1,ICDO3,Appendix,ANATOMY
ICDO3-C18.2,C18.2,ICDO3,Ascending colon,ANATOMY
ICDO3-C18.3,C18.3,ICDO3,Hepatic flexure of colon,ANATOMY
ICDO3-C18.4,C18.4,ICDO3,Transverse colon,ANATOMY
ICDO3-C18.5,C18.5,ICDO3,Splenic flexure of colon,ANATOMY
ICDO3-C18.6,C18.6,ICDO3,Descending colon,ANATOMY
ICDO3-C18.7,C18.7,ICDO3,Sigmoid colon,ANATOMY
ICDO3-C18.9,C18.9,ICDO3,"Colon, NOS",ANATOMY
ICDO3-C19.9,C19.9,ICDO3,Rectosigmoid junction,ANATOMY
ICDO3-C20.9,C20.9,ICDO3,"Rectum, NOS",ANATOMY
ICDO3-C21.0,C21.0,ICDO3,"Anus, NOS",ANATOMY
ICDO3-C22.0,C22.0,ICDO3,Liver,ANATOMY
ICDO3-C22.1,C22.1,ICDO3,Intrahepatic bile duct,ANATOMY
ICDO3-C23.9,C23.9,ICDO3,Gallbladder,ANATOMY
ICDO3-C24.0,C24.0,ICDO3,Extrahepatic bile duct,ANATOMY
ICDO3-C24.1,C24.1,ICDO3,Ampulla of Vater,ANATOMY
ICDO3-C25.0,C25.0,ICDO3,Head of pancreas,ANATOMY
ICDO3-C25.1,C25.1,ICDO3,Body of pancreas,ANATOMY
ICDO3-C25.2,C25.2,ICDO3,Tail of pancreas,ANATOMY
ICDO3-C25.9,C25.9,ICDO3,"Pancreas, NOS",ANATOMY
ICDO3-C30.0,C30.0,ICDO3,Nasal cavity,ANATOMY
ICDO3-C31.0,C31.0,ICDO3,Maxillary sinus,ANATOMY
ICDO3-C32.0,C32.0,ICDO3,Glottis,ANATOMY
ICDO3-C32.1,C32.1,ICDO3,Supraglottis,ANATOMY
ICDO3-C32.9,C32.9,ICDO3,"Larynx, NOS",ANATOMY
ICDO3-C33.9,C33.9,ICDO3,Trachea,ANATOMY
ICDO3-C34.0,C34.0,ICDO3,Main bronchus,ANATOMY
ICDO3-C34.1,C34.1,ICDO3,"Upper lobe, lung",ANATOMY
ICDO3-C34.2,C34.2,ICDO3,"Middle lobe, lung",ANATOMY
ICDO3-C34.3,C34.3,ICDO3,"Lower lobe, lung",ANATOMY
ICDO3-C34.9,C34.9,ICDO3,"Lung, NOS",ANATOMY
ICDO3-C37.9,C37.9,ICDO3,Thymus,ANATOMY
ICDO3-C38.0,C38.0,ICDO3,Heart,ANATOMY
ICDO3-C38.4,C38.4,ICDO3,"Pleura, NOS",ANATOMY
ICDO3-C40.0,C40.0,ICDO3,"Long bones of upper limb, scapula",ANATOMY
ICDO3-C40.2,C40.2,ICDO3,Long bones of lower limb,ANATOMY
ICDO3-C41.0,C41.0,ICDO3,Bones of skull and face,ANATOMY
ICDO3-C41.2,C41.2,ICDO3,Vertebral column,ANATOMY
ICDO3-C41.4,C41.4,ICDO3,"Pelvic bones, sacrum, coccyx",ANATOMY
ICDO3-C42.0,C42.0,ICDO3,Blood,OTHER
ICDO3-C42.1,C42.1,ICDO3,Bone marrow,ANATOMY
ICDO3-C44.0,C44.0,ICDO3,"Skin of lip, NOS",ANATOMY
ICDO3-C44.2,C44.2,ICDO3,External ear,ANATOMY
ICDO3-C44.3,C44.3,ICDO3,Skin of other parts of face,ANATOMY
ICDO3-C44.4,C44.4,ICDO3,Skin of scalp and neck,ANATOMY
ICDO3-C44.5,C44.5,ICDO3,Skin of trunk,ANATOMY
ICDO3-C44.6,C44.6,ICDO3,Skin of upper limb and shoulder,ANATOMY
ICDO3-C44.7,C44.7,ICDO3,Skin of lower limb and hip,ANATOMY
ICDO3-C44.9,C44.9,ICDO3,"Skin, NOS",ANATOMY
ICDO3-C48.0,C48.0,ICDO3,Retroperitoneum,ANATOMY
ICDO3-C48.1,C48.1,ICDO3,Specified parts of peritoneum,ANATOMY
ICDO3-C48.2,C48.2,ICDO3,"Peritoneum, NOS",ANATOMY
ICDO3-C49.0,C49.0,ICDO3,"Connective tissue, head, face, neck",ANATOMY
ICDO3-C49.9,C49.9,ICDO3,"Connective tissue, NOS",ANATOMY
ICDO3-C50.0,C50.0,ICDO3,Nipple,ANATOMY
ICDO3-C50.1,C50.1,ICDO3,Central portion of breast,ANATOMY
ICDO3-C50.2,C50.2,ICDO3,Upper-inner quadrant of breast,ANATOMY
ICDO3-C50.3,C50.3,ICDO3,Lower-inner quadrant of breast,ANATOMY
ICDO3-C50.4,C50.4,ICDO3,Upper-outer quadrant of breast,ANATOMY
ICDO3-C50.5,C50.5,ICDO3,Lower-outer quadrant of breast,ANATOMY
ICDO3-C50.8,C50.8,ICDO3,Overlapping lesion of breast,ANATOMY
ICDO3-C50.9,C50.9,ICDO3,"Breast, NOS",ANATOMY
ICDO3-C51.0,C51.0,ICDO3,Labium majus,ANATOMY
ICDO3-C52.9,C52.9,ICDO3,"Vagina, NOS",ANATOMY
ICDO3-C53.0,C53.0,ICDO3,Endocervix,ANATOMY
ICDO3-C53.1,C53.1,ICDO3,Exocervix,ANATOMY
ICDO3-C53.9,C53.9,ICDO3,Cervix uteri,ANATOMY
ICDO3-C54.1,C54.1,ICDO3,Endometrium,ANATOMY
ICDO3-C54.9,C54.9,ICDO3,Corpus uteri,ANATOMY
ICDO3-C56.9,C56.9,ICDO3,Ovary,ANATOMY
ICDO3-C61.9,C61.9,ICDO3,Prostate gland,ANATOMY
ICDO3-C62.1,C62.1,ICDO3,Descended testis,ANATOMY
ICDO3-C64.9,C64.9,ICDO3,"Kidney, NOS",ANATOMY
ICDO3-C65.9,C65.9,ICDO3,Renal pelvis,ANATOMY
ICDO3-C67.0,C67.0,ICDO3,Trigone of bladder,ANATOMY
ICDO3-C67.9,C67.9,ICDO3,"Bladder, NOS",ANATOMY
ICDO3-C69.0,C69.0,ICDO3,Conjunctiva,ANATOMY
ICDO3-C69.2,C69.2,ICDO3,Retina,ANATOMY
ICDO3-C69.9,C69.9,ICDO3,"Eye, NOS",ANATOMY
ICDO3-C70.0,C70.0,ICDO3,Cerebral meninges,ANATOMY
ICDO3-C71.0,C71.0,ICDO3,Cerebrum,ANATOMY
ICDO3-C71.1,C71.1,ICDO3,Frontal lobe,ANATOMY
ICDO3-C71.2,C71.2,ICDO3,Temporal lobe,ANATOMY
ICDO3-C71.3,C71.3,ICDO3,Parietal lobe,ANATOMY
ICDO3-C71.4,C71.4,ICDO3,Occipital lobe,ANATOMY
ICDO3-C71.5,C71.5,ICDO3,"Ventricle, NOS (brain)",ANATOMY
ICDO3-C71.6,C71.6,ICDO3,"Cerebellum, NOS",ANATOMY
ICDO3-C71.7,C71.7,ICDO3,Brain stem,ANATOMY
ICDO3-C71.9,C71.9,ICDO3,"Brain, NOS",ANATOMY
ICDO3-C72.0,C72.0,ICDO3,Spinal cord,ANATOMY
ICDO3-C73.9,C73.9,ICDO3,Thyroid gland,ANATOMY
ICDO3-C74.0,C74.0,ICDO3,Cortex of adrenal gland,ANATOMY
ICDO3-C74.1,C74.1,ICDO3,Medulla of adrenal gland,ANATOMY
ICDO3-C77.0,C77.0,ICDO3,"Lymph nodes of head, face, neck",ANATOMY
ICDO3-C77.1,C77.1,ICDO3,Intrathoracic lymph nodes,ANATOMY
ICDO3-C77.2,C77.2,ICDO3,Intra-abdominal lymph nodes,ANATOMY
ICDO3-C77.3,C77.3,ICDO3,Axillary lymph nodes,ANATOMY
ICDO3-C77.4,C77.4,ICDO3,Inguinal lymph nodes,ANATOMY
ICDO3-C77.5,C77.5,ICDO3,Pelvic lymph nodes,ANATOMY
ICDO3-C77.9,C77.9,ICDO3,"Lymph node, NOS",ANATOMY
ICDO3-C80.9,C80.9,ICDO3,Unknown primary site,OTHER
LOINC-11332-4,11332-4,LOINC,History of Alcohol use,SOCIAL
LOINC-14749-6,14749-6,LOINC,Glucose [Mass/volume] in Serum or Plasma --fasting,LAB
LOINC-1742-6,1742-6,LOINC,Alanine aminotransferase [Enzymatic activity/volume] in Serum or Plasma,LAB
LOINC-1751-7,1751-7,LOINC,Albumin [Mass/volume] in Serum or Plasma,LAB
LOINC-17861-6,17861-6,LOINC,Calcium [Mass/volume] in Serum or Plasma,LAB
LOINC-1920-8,1920-8,LOINC,Aspartate aminotransferase [Enzymatic activity/volume] in Serum or Plasma,LAB
LOINC-1963-8,1963-8,LOINC,Bicarbonate [Moles/volume] in Serum or Plasma,LAB
LOINC-1975-2,1975-2,LOINC,Bilirubin.total [Mass/volume] in Serum or Plasma,LAB
LOINC-1988-5,1988-5,LOINC,C reactive protein [Mass/volume] in Serum or Plasma,LAB
LOINC-2019-8,2019-8,LOINC,Carbon dioxide [Partial pressure] in Arterial blood,LAB
LOINC-2028-9,2028-9,LOINC,"Carbon dioxide, total [Moles/volume] in Serum or Plasma",LAB
LOINC-2075-0,2075-0,LOINC,Chloride [Moles/volume] in Serum or Plasma,LAB
LOINC-2085-9,2085-9,LOINC,Cholesterol in HDL [Mass/volume] in Serum or Plasma,LAB
LOINC-2089-1,2089-1,LOINC,Cholesterol in LDL [Mass/volume] in Serum or Plasma,LAB
LOINC-2093-3,2093-3,LOINC,Cholesterol [Mass/volume] in Serum or Plasma,LAB
LOINC-2157-6,2157-6,LOINC,Creatine kinase [Enzymatic activity/volume] in Serum or Plasma,LAB
LOINC-2160-0,2160-0,LOINC,Creatinine [Mass/volume] in Serum or Plasma,LAB
LOINC-2276-4,2276-4,LOINC,Ferritin [Mass/volume] in Serum or Plasma,LAB
LOINC-2339-0,2339-0,LOINC,Glucose [Mass/volume] in Blood,LAB
LOINC-2345-7,2345-7,LOINC,Glucose [Mass/volume] in Serum or Plasma,LAB
LOINC-2498-4,2498-4,LOINC,Iron [Mass/volume] in Serum or Plasma,LAB
LOINC-2571-8,2571-8,LOINC,Triglyceride [Mass/volume] in Serum or Plasma,LAB
LOINC-26464-8,26464-8,LOINC,Leukocytes [#/volume] in Blood,LAB
LOINC-26515-7,26515-7,LOINC,Platelets [#/volume] in Blood,LAB
LOINC-2703-7,2703-7,LOINC,Oxygen [Partial pressure] in Arterial blood,LAB
LOINC-2708-6,2708-6,LOINC,Oxygen saturation in Arterial blood,LAB
LOINC-2744-1,2744-1,LOINC,pH of Arterial blood,LAB
LOINC-2756-5,2756-5,LOINC,pH of Urine,LAB
LOINC-2823-3,2823-3,LOINC,Potassium [Moles/volume] in Serum or Plasma,LAB
LOINC-29463-7,29463-7,LOINC,Body weight,LAB
LOINC-2951-2,2951-2,LOINC,Sodium [Moles/volume] in Serum or Plasma,LAB
LOINC-3016-3,3016-3,LOINC,Thyrotropin [Units/volume] in Serum or Plasma,LAB
LOINC-3024-7,3024-7,LOINC,Thyroxine (T4) free [Mass/volume] in Serum or Plasma,LAB
LOINC-3051-0,3051-0,LOINC,Triiodothyronine (T3) free [Mass/volume] in Serum or Plasma,LAB
LOINC-3084-1,3084-1,LOINC,Urate [Mass/volume] in Serum or Plasma,LAB
LOINC-30934-4,30934-4,LOINC,Natriuretic peptide B [Mass/volume] in Serum or Plasma,LAB
LOINC-3094-0,3094-0,LOINC,Urea nitrogen [Mass/volume] in Serum or Plasma,LAB
LOINC-3173-2,3173-2,LOINC,aPTT in Blood by Coagulation assay,LAB
LOINC-33762-6,33762-6,LOINC,Natriuretic peptide.B prohormone N-Terminal [Mass/volume] in Serum or Plasma,LAB
LOINC-33914-3,33914-3,LOINC,Glomerular filtration rate/1.73 sq M.predicted,LAB
LOINC-33959-8,33959-8,LOINC,Procalcitonin [Mass/volume] in Serum or Plasma,LAB
LOINC-38221-8,38221-8,LOINC,Braden Scale total score,SCORE
LOINC-39156-5,39156-5,LOINC,Body mass index (BMI),SCORE
LOINC-44261-6,44261-6,LOINC,PHQ-9 total score,SCORE
LOINC-4537-7,4537-7,LOINC,Erythrocyte sedimentation rate,LAB
LOINC-4544-3,4544-3,LOINC,Hematocrit [Volume Fraction] of Blood,LAB
LOINC-4548-4,4548-4,LOINC,Hemoglobin A1c/Hemoglobin.total in Blood,LAB
LOINC-48065-7,48065-7,LOINC,Fibrinogen [Mass/volume] in Platelet poor plasma by Coagulation assay,LAB
LOINC-49563-0,49563-0,LOINC,Troponin I.cardiac [Mass/volume] in Serum or Plasma by High sensitivity method,LAB
LOINC-5794-3,5794-3,LOINC,Glucose [Presence] in Urine by Test strip,LAB
LOINC-5799-2,5799-2,LOINC,Leukocyte esterase [Presence] in Urine by Test strip,LAB
LOINC-5802-4,5802-4,LOINC,Nitrite [Presence] in Urine by Test strip,LAB
LOINC-5811-5,5811-5,LOINC,Specific gravity of Urine by Test strip,LAB
LOINC-5902-2,5902-2,LOINC,Prothrombin time (PT),LAB
LOINC-5905-5,5905-5,LOINC,Monocytes/100 leukocytes in Blood by Automated count,LAB
LOINC-59408-5,59408-5,LOINC,Oxygen saturation in Arterial blood by Pulse oximetry,LAB
LOINC-6598-7,6598-7,LOINC,Troponin T.cardiac [Mass/volume] in Serum or Plasma,LAB
LOINC-6690-2,6690-2,LOINC,Leukocytes [#/volume] in Blood by Automated count,LAB
LOINC-6768-6,6768-6,LOINC,Alkaline phosphatase [Enzymatic activity/volume] in Serum or Plasma,LAB
LOINC-70274-6,70274-6,LOINC,GAD-7 total score,SCORE
LOINC-706-2,706-2,LOINC,Basophils/100 leukocytes in Blood by Automated count,LAB
LOINC-713-8,713-8,LOINC,Eosinophils/100 leukocytes in Blood by Automated count,LAB
LOINC-718-7,718-7,LOINC,Hemoglobin [Mass/volume] in Blood,LAB
LOINC-71802-3,71802-3,LOINC,Housing status,SOCIAL
LOINC-71960-9,71960-9,LOINC,qSOFA score,SCORE
LOINC-72106-8,72106-8,LOINC,NEWS score,SCORE
LOINC-72107-6,72107-6,LOINC,SOFA score,SCORE
LOINC-72166-2,72166-2,LOINC,Tobacco smoking status,SOCIAL
LOINC-72514-3,72514-3,LOINC,Pain severity - 0-10 verbal numeric rating,SCORE
LOINC-736-9,736-9,LOINC,Lymphocytes/100 leukocytes in Blood by Automated count,LAB
LOINC-75443-2,75443-2,LOINC,Glasgow coma scale total,SCORE
LOINC-770-8,770-8,LOINC,Neutrophils/100 leukocytes in Blood by Automated count,LAB
LOINC-77576-7,77576-7,LOINC,Morse Fall Scale total score,SCORE
LOINC-785-6,785-6,LOINC,MCH [Entitic mass] by Automated count,LAB
LOINC-786-4,786-4,LOINC,MCHC [Mass/volume] by Automated count,LAB
LOINC-787-2,787-2,LOINC,MCV [Entitic volume] by Automated count,LAB
LOINC-788-0,788-0,LOINC,Erythrocyte distribution width [Ratio] by Automated count,LAB
LOINC-789-8,789-8,LOINC,Erythrocytes [#/volume] in Blood by Automated count,LAB
LOINC-8302-2,8302-2,LOINC,Body height,LAB
LOINC-8310-5,8310-5,LOINC,Body temperature,LAB
LOINC-8462-4,8462-4,LOINC,Diastolic blood pressure,LAB
LOINC-8480-6,8480-6,LOINC,Systolic blood pressure,LAB
LOINC-85354-9,85354-9,LOINC,Blood pressure panel with all children optional,LAB
LOINC-8867-4,8867-4,LOINC,Heart rate,LAB
LOINC-89555-7,89555-7,LOINC,PHQ-2 total score,SCORE
LOINC-9279-1,9279-1,LOINC,Respiratory rate,LAB
LOINC-93025-5,93025-5,LOINC,PRAPARE assessment,SOCIAL
MEDDRA-10002034,10002034,MEDDRA,Anaemia,DISEASE
MEDDRA-10002198,10002198,MEDDRA,Anaphylactic reaction,DISEASE
MEDDRA-10002272,10002272,MEDDRA,Angioedema,DISEASE
MEDDRA-10002855,10002855,MEDDRA,Aplastic anaemia,DISEASE
MEDDRA-10003041,10003041,MEDDRA,Arrhythmia,DISEASE
MEDDRA-10003239,10003239,MEDDRA,Arthralgia,SYMPTOM
MEDDRA-10003481,10003481,MEDDRA,Asthenia,SYMPTOM
MEDDRA-10003553,10003553,MEDDRA,Atrial fibrillation,DISEASE
MEDDRA-10003658,10003658,MEDDRA,Alopecia,SYMPTOM
MEDDRA-10005329,10005329,MEDDRA,Bradycardia,DISEASE
MEDDRA-10006451,10006451,MEDDRA,Cardiac arrest,DISEASE
MEDDRA-10006482,10006482,MEDDRA,Cardiac failure,DISEASE
MEDDRA-10007541,10007541,MEDDRA,Cerebrovascular accident,DISEASE
MEDDRA-10008469,10008469,MEDDRA,Chest pain,SYMPTOM
MEDDRA-10008479,10008479,MEDDRA,Chills,SYMPTOM
MEDDRA-10008531,10008531,MEDDRA,Cholestasis,DISEASE
MEDDRA-10009802,10009802,MEDDRA,Colitis,DISEASE
MEDDRA-10010071,10010071,MEDDRA,Confusional state,SYMPTOM
MEDDRA-10010250,10010250,MEDDRA,Constipation,SYMPTOM
MEDDRA-10010264,10010264,MEDDRA,Convulsion,SYMPTOM
MEDDRA-10010741,10010741,MEDDRA,Cough,SYMPTOM
MEDDRA-10011224,10011224,MEDDRA,Deep vein thrombosis,DISEASE
MEDDRA-10011906,10011906,MEDDRA,Depression,DISEASE
MEDDRA-10012735,10012735,MEDDRA,Diarrhoea,SYMPTOM
MEDDRA-10013573,10013573,MEDDRA,Dizziness,SYMPTOM
MEDDRA-10013781,10013781,MEDDRA,Dysphagia,SYMPTOM
MEDDRA-10013963,10013963,MEDDRA,Drug hypersensitivity,DISEASE
MEDDRA-10013968,10013968,MEDDRA,Drug eruption,DISEASE
MEDDRA-10013968B,10013968B,MEDDRA,Drug rash with eosinophilia and systemic symptoms,DISEASE
MEDDRA-10013975,10013975,MEDDRA,Dyspnoea,SYMPTOM
MEDDRA-10014020,10014020,MEDDRA,Dry mouth,SYMPTOM
MEDDRA-10014184,10014184,MEDDRA,Dysgeusia,SYMPTOM
MEDDRA-10014418,10014418,MEDDRA,Oedema peripheral,SYMPTOM
MEDDRA-10015919,10015919,MEDDRA,Epistaxis,SYMPTOM
MEDDRA-10015993,10015993,MEDDRA,Erythema,SYMPTOM
MEDDRA-10016256,10016256,MEDDRA,Erythema multiforme,DISEASE
MEDDRA-10016558,10016558,MEDDRA,Fatigue,SYMPTOM
MEDDRA-10016596,10016596,MEDDRA,Febrile neutropenia,DISEASE
MEDDRA-10016791,10016791,MEDDRA,Flatulence,SYMPTOM
MEDDRA-10017947,10017947,MEDDRA,Gastrointestinal haemorrhage,DISEASE
MEDDRA-10018429,10018429,MEDDRA,Gout,DISEASE
MEDDRA-10019211,10019211,MEDDRA,Headache,SYMPTOM
MEDDRA-10019428,10019428,MEDDRA,Hepatic failure,DISEASE
MEDDRA-10019663,10019663,MEDDRA,Hepatitis,DISEASE
MEDDRA-10019670,10019670,MEDDRA,Hepatotoxicity,DISEASE
MEDDRA-10020112,10020112,MEDDRA,Hyperglycaemia,DISEASE
MEDDRA-10020647,10020647,MEDDRA,Hypersensitivity,DISEASE
MEDDRA-10020772,10020772,MEDDRA,Hypertension,DISEASE
MEDDRA-10020943,10020943,MEDDRA,Hypoglycaemia,DISEASE
MEDDRA-10021027,10021027,MEDDRA,Hyponatraemia,DISEASE
MEDDRA-10021097,10021097,MEDDRA,Hypotension,DISEASE
MEDDRA-10021789,10021789,MEDDRA,Inappropriate antidiuretic hormone secretion,DISEASE
MEDDRA-10021865,10021865,MEDDRA,Infection,DISEASE
MEDDRA-10022095,10022095,MEDDRA,Injection site reaction,SYMPTOM
MEDDRA-10022611,10022611,MEDDRA,Insomnia,SYMPTOM
MEDDRA-10022891,10022891,MEDDRA,Interstitial lung disease,DISEASE
MEDDRA-10023215,10023215,MEDDRA,Jaundice,SYMPTOM
MEDDRA-10024378,10024378,MEDDRA,Leukopenia,DISEASE
MEDDRA-10025476,10025476,MEDDRA,Malaise,SYMPTOM
MEDDRA-10027175,10027175,MEDDRA,Myalgia,SYMPTOM
MEDDRA-10027198,10027198,MEDDRA,Myocardial infarction,DISEASE
MEDDRA-10027521,10027521,MEDDRA,Myocarditis,DISEASE
MEDDRA-10028596,10028596,MEDDRA,Nausea,SYMPTOM
MEDDRA-10028997,10028997,MEDDRA,Nephritis,DISEASE
MEDDRA-10029354,10029354,MEDDRA,Neutropenia,DISEASE
MEDDRA-10030124,10030124,MEDDRA,Oedema,SYMPTOM
MEDDRA-10030807,10030807,MEDDRA,Pain,SYMPTOM
MEDDRA-10030844,10030844,MEDDRA,Pain in extremity,SYMPTOM
MEDDRA-10031009,10031009,MEDDRA,Pancreatitis,DISEASE
MEDDRA-10033371,10033371,MEDDRA,Pancytopenia,DISEASE
MEDDRA-10033557,10033557,MEDDRA,Peripheral neuropathy,DISEASE
MEDDRA-10034580,10034580,MEDDRA,Pharyngitis,DISEASE
MEDDRA-10034825,10034825,MEDDRA,Pleural effusion,DISEASE
MEDDRA-10034972,10034972,MEDDRA,Photosensitivity reaction,DISEASE
MEDDRA-10035598,10035598,MEDDRA,Pneumonia,DISEASE
MEDDRA-10035664,10035664,MEDDRA,Pneumonitis,DISEASE
MEDDRA-10036774,10036774,MEDDRA,Pruritus,SYMPTOM
MEDDRA-10037087,10037087,MEDDRA,Pulmonary embolism,DISEASE
MEDDRA-10037549,10037549,MEDDRA,Pyrexia,SYMPTOM
MEDDRA-10037660,10037660,MEDDRA,QT prolongation,DISEASE
MEDDRA-10037844,10037844,MEDDRA,Rash,SYMPTOM
MEDDRA-10037847,10037847,MEDDRA,Rash maculo-papular,SYMPTOM
MEDDRA-10038435,10038435,MEDDRA,Renal failure acute,DISEASE
MEDDRA-10038695,10038695,MEDDRA,Respiratory failure,DISEASE
MEDDRA-10039083,10039083,MEDDRA,Rhabdomyolysis,DISEASE
MEDDRA-10039411,10039411,MEDDRA,Rhinitis,DISEASE
MEDDRA-10040753,10040753,MEDDRA,Sepsis,DISEASE
MEDDRA-10040785,10040785,MEDDRA,Serotonin syndrome,DISEASE
MEDDRA-10042458,10042458,MEDDRA,Stevens-Johnson syndrome,DISEASE
MEDDRA-10042464,10042464,MEDDRA,Stomatitis,DISEASE
MEDDRA-10042772,10042772,MEDDRA,Suicidal ideation,DISEASE
MEDDRA-10043071,10043071,MEDDRA,Syncope,SYMPTOM
MEDDRA-10043189,10043189,MEDDRA,Tachycardia,DISEASE
MEDDRA-10043553,10043553,MEDDRA,Tendinitis,DISEASE
MEDDRA-10043554,10043554,MEDDRA,Thrombocytopenia,DISEASE
MEDDRA-10043561,10043561,MEDDRA,Tendon rupture,DISEASE
MEDDRA-10044755,10044755,MEDDRA,Toxic epidermal necrolysis,DISEASE
MEDDRA-10044849,10044849,MEDDRA,Tremor,SYMPTOM
MEDDRA-10046306,10046306,MEDDRA,Urticaria,DISEASE
MEDDRA-10046571,10046571,MEDDRA,Vasculitis,DISEASE
MEDDRA-10047115,10047115,MEDDRA,Vomiting,SYMPTOM
MEDDRA-10047228,10047228,MEDDRA,Weight decreased,SYMPTOM
MEDDRA-10047242,10047242,MEDDRA,Weight increased,SYMPTOM
MEDDRA-10072268,10072268,MEDDRA,Drug-induced liver injury,DISEASE
RXNORM-10202,10202,RXNORM,Tramadol,MEDICATION
RXNORM-1037045,1037045,RXNORM,Rivaroxaban 20 MG Oral Tablet,MEDICATION
RXNORM-1049221,1049221,RXNORM,Acetaminophen 325 MG Oral Tablet,MEDICATION
RXNORM-1049223,1049223,RXNORM,Acetaminophen 500 MG Oral Tablet,MEDICATION
RXNORM-10737,10737,RXNORM,Warfarin,MEDICATION
RXNORM-1148767,1148767,RXNORM,Tofacitinib,MEDICATION
RXNORM-1191,1191,RXNORM,Aspirin,MEDICATION
RXNORM-121243,121243,RXNORM,Pembrolizumab,MEDICATION
RXNORM-1232,1232,RXNORM,Amoxicillin,MEDICATION
RXNORM-1364435,1364435,RXNORM,Apixaban 5 MG Oral Tablet,MEDICATION
RXNORM-1373463,1373463,RXNORM,Dapagliflozin 10 MG Oral Tablet,MEDICATION
RXNORM-1545149,1545149,RXNORM,Dulaglutide,MEDICATION
RXNORM-1551291,1551291,RXNORM,Empagliflozin 10 MG Oral Tablet,MEDICATION
RXNORM-1597948,1597948,RXNORM,Nivolumab,MEDICATION
RXNORM-161,161,RXNORM,Acetaminophen,MEDICATION
RXNORM-1660014,1660014,RXNORM,Semaglutide 0.25 MG Pen Injector,MEDICATION
RXNORM-191831,191831,RXNORM,Etanercept,MEDICATION
RXNORM-1946825,1946825,RXNORM,Tirzepatide,MEDICATION
RXNORM-197361,197361,RXNORM,Amlodipine 5 MG Oral Tablet,MEDICATION
RXNORM-197381,197381,RXNORM,Atenolol 25 MG Oral Tablet,MEDICATION
RXNORM-197454,197454,RXNORM,Clopidogrel 75 MG Oral Tablet,MEDICATION
RXNORM-197512,197512,RXNORM,Cephalexin 500 MG Oral Capsule,MEDICATION
RXNORM-197591,197591,RXNORM,Clonidine 0.1 MG Oral Tablet,MEDICATION
RXNORM-197770,197770,RXNORM,Doxycycline 100 MG Oral Capsule,MEDICATION
RXNORM-197884,197884,RXNORM,Hydrochlorothiazide 25 MG Oral Tablet,MEDICATION
RXNORM-197987,197987,RXNORM,Lisinopril 10 MG Oral Tablet,MEDICATION
RXNORM-197988,197988,RXNORM,Lisinopril 20 MG Oral Tablet,MEDICATION
RXNORM-198006,198006,RXNORM,Metoprolol Tartrate 25 MG Oral Tablet,MEDICATION
RXNORM-198058,198058,RXNORM,Zolpidem Tartrate 5 MG Oral Tablet,MEDICATION
RXNORM-198283,198283,RXNORM,Ondansetron 4 MG Oral Tablet,MEDICATION
RXNORM-198299,198299,RXNORM,Potassium Chloride 10 MEQ Extended Release Oral Tablet,MEDICATION
RXNORM-198353,198353,RXNORM,Tamsulosin 0.4 MG Oral Capsule,MEDICATION
RXNORM-198369,198369,RXNORM,Trazodone hydrochloride 50 MG Oral Tablet,MEDICATION
RXNORM-1991302,1991302,RXNORM,Semaglutide,MEDICATION
RXNORM-200031,200031,RXNORM,Sertraline 50 MG Oral Tablet,MEDICATION
RXNORM-200345,200345,RXNORM,Simvastatin 20 MG Oral Tablet,MEDICATION
RXNORM-203150,203150,RXNORM,Methotrexate,MEDICATION
RXNORM-205532,205532,RXNORM,Carvedilol 12.5 MG Oral Tablet,MEDICATION
RXNORM-25789,25789,RXNORM,Glimepiride,MEDICATION
RXNORM-259111,259111,RXNORM,Insulin Glargine 100 UNT/ML Injectable Solution,MEDICATION
RXNORM-259255,259255,RXNORM,Atorvastatin 20 MG Oral Tablet,MEDICATION
RXNORM-259256,259256,RXNORM,Atorvastatin 40 MG Oral Tablet,MEDICATION
RXNORM-27169,27169,RXNORM,Adalimumab,MEDICATION
RXNORM-274783,274783,RXNORM,Insulin Glargine,MEDICATION
RXNORM-283540,283540,RXNORM,Escitalopram 10 MG Oral Tablet,MEDICATION
RXNORM-308182,308182,RXNORM,Azithromycin 250 MG Oral Tablet,MEDICATION
RXNORM-309362,309362,RXNORM,Ciprofloxacin 500 MG Oral Tablet,MEDICATION
RXNORM-310385,310385,RXNORM,Duloxetine 30 MG Delayed Release Oral Capsule,MEDICATION
RXNORM-310429,310429,RXNORM,Furosemide 20 MG Oral Tablet,MEDICATION
RXNORM-310430,310430,RXNORM,Furosemide 40 MG Oral Tablet,MEDICATION
RXNORM-310437,310437,RXNORM,Gabapentin 300 MG Oral Capsule,MEDICATION
RXNORM-310965,310965,RXNORM,Amoxicillin 500 MG Oral Capsule,MEDICATION
RXNORM-311368,311368,RXNORM,Ibuprofen 200 MG Oral Tablet,MEDICATION
RXNORM-311370,311370,RXNORM,Ibuprofen 600 MG Oral Tablet,MEDICATION
RXNORM-311995,311995,RXNORM,Levothyroxine Sodium 0.05 MG Oral Tablet,MEDICATION
RXNORM-312289,312289,RXNORM,Metronidazole 500 MG Oral Tablet,MEDICATION
RXNORM-312615,312615,RXNORM,Lorazepam 0.5 MG Oral Tablet,MEDICATION
RXNORM-312940,312940,RXNORM,Fluoxetine 20 MG Oral Capsule,MEDICATION
RXNORM-312961,312961,RXNORM,Omeprazole 20 MG Delayed Release Oral Capsule,MEDICATION
RXNORM-313406,313406,RXNORM,Tramadol Hydrochloride 50 MG Oral Tablet,MEDICATION
RXNORM-313585,313585,RXNORM,Pantoprazole 40 MG Delayed Release Oral Tablet,MEDICATION
RXNORM-313988,313988,RXNORM,Alprazolam 0.25 MG Oral Tablet,MEDICATION
RXNORM-314077,314077,RXNORM,Spironolactone 25 MG Oral Tablet,MEDICATION
RXNORM-318272,318272,RXNORM,Aspirin 81 MG Delayed Release Oral Tablet,MEDICATION
RXNORM-321064,321064,RXNORM,Ezetimibe,MEDICATION
RXNORM-321208,321208,RXNORM,Infliximab,MEDICATION
RXNORM-321988,321988,RXNORM,Escitalopram,MEDICATION
RXNORM-35636,35636,RXNORM,Sitagliptin,MEDICATION
RXNORM-36567,36567,RXNORM,Simvastatin,MEDICATION
RXNORM-3827,3827,RXNORM,Enalapril,MEDICATION
RXNORM-39786,39786,RXNORM,Venlafaxine,MEDICATION
RXNORM-42463,42463,RXNORM,Clopidogrel,MEDICATION
RXNORM-4278,4278,RXNORM,Fluoxetine,MEDICATION
RXNORM-4337,4337,RXNORM,Furosemide,MEDICATION
RXNORM-4407,4407,RXNORM,Gabapentin,MEDICATION
RXNORM-4815,4815,RXNORM,Glipizide,MEDICATION
RXNORM-519,519,RXNORM,Albuterol,MEDICATION
RXNORM-52175,52175,RXNORM,Losartan,MEDICATION
RXNORM-5521,5521,RXNORM,Hydroxychloroquine,MEDICATION
RXNORM-5640,5640,RXNORM,Ibuprofen,MEDICATION
RXNORM-6387,6387,RXNORM,Levothyroxine,MEDICATION
RXNORM-6468,6468,RXNORM,Lisinopril,MEDICATION
RXNORM-6918,6918,RXNORM,Metformin,MEDICATION
RXNORM-69749,69749,RXNORM,Valsartan,MEDICATION
RXNORM-7052,7052,RXNORM,Montelukast,MEDICATION
RXNORM-7212,7212,RXNORM,Naproxen,MEDICATION
RXNORM-72625,72625,RXNORM,Duloxetine,MEDICATION
RXNORM-7646,7646,RXNORM,Omeprazole,MEDICATION
RXNORM-83367,83367,RXNORM,Atorvastatin,MEDICATION
RXNORM-847207,847207,RXNORM,Insulin Lispro 100 UNT/ML Injectable Solution,MEDICATION
RXNORM-855319,855319,RXNORM,Warfarin Sodium 5 MG Oral Tablet,MEDICATION
RXNORM-856903,856903,RXNORM,Oxycodone Hydrochloride 5 MG Oral Tablet,MEDICATION
RXNORM-856904,856904,RXNORM,Hydrocodone Bitartrate 5 MG / Acetaminophen 325 MG Oral Tablet,MEDICATION
RXNORM-860975,860975,RXNORM,Metformin hydrochloride 500 MG Oral Tablet,MEDICATION
RXNORM-860995,860995,RXNORM,Metformin hydrochloride 1000 MG Oral Tablet,MEDICATION
RXNORM-861007,861007,RXNORM,Losartan Potassium 50 MG Oral Tablet,MEDICATION
RXNORM-8640,8640,RXNORM,Prednisone,MEDICATION
RXNORM-866924,866924,RXNORM,Metoprolol Succinate 25 MG Extended Release Oral Tablet,MEDICATION
RXNORM-9068,9068,RXNORM,Rosuvastatin,MEDICATION
RXNORM-9524,9524,RXNORM,Sertraline,MEDICATION
SNOMEDCT-10200004,10200004,SNOMEDCT,Liver structure,ANATOMY
SNOMEDCT-109838007,109838007,SNOMEDCT,Malignant melanoma of skin,TUMOR
SNOMEDCT-109989006,109989006,SNOMEDCT,Multiple myeloma,TUMOR
SNOMEDCT-111552007,111552007,SNOMEDCT,Psoriasis,DISEASE
SNOMEDCT-11687002,11687002,SNOMEDCT,Gestational diabetes,DISEASE
SNOMEDCT-118601006,118601006,SNOMEDCT,Non-Hodgkin lymphoma,TUMOR
SNOMEDCT-122494005,122494005,SNOMEDCT,Cervical spine structure,ANATOMY
SNOMEDCT-122548005,122548005,SNOMEDCT,Biopsy,PROCEDURE
SNOMEDCT-12738006,12738006,SNOMEDCT,Brain structure,ANATOMY
SNOMEDCT-128053003,128053003,SNOMEDCT,Deep venous thrombosis,DISEASE
SNOMEDCT-128462008,128462008,SNOMEDCT,Metastatic malignant neoplasm,TUMOR
SNOMEDCT-128613002,128613002,SNOMEDCT,Seizure disorder,DISEASE
SNOMEDCT-13645005,13645005,SNOMEDCT,Chronic obstructive lung disease,DISEASE
SNOMEDCT-13746004,13746004,SNOMEDCT,Bipolar disorder,DISEASE
SNOMEDCT-139394000,139394000,SNOMEDCT,Wheezing,SYMPTOM
SNOMEDCT-14016003,14016003,SNOMEDCT,Bone marrow structure,ANATOMY
SNOMEDCT-15776009,15776009,SNOMEDCT,Stomach structure,ANATOMY
SNOMEDCT-161891005,161891005,SNOMEDCT,Backache,SYMPTOM
SNOMEDCT-16310003,16310003,SNOMEDCT,Diagnostic ultrasonography,PROCEDURE
SNOMEDCT-169690007,169690007,SNOMEDCT,Computed tomography,PROCEDURE
SNOMEDCT-174041007,174041007,SNOMEDCT,Laparoscopic cholecystectomy,PROCEDURE
SNOMEDCT-179344006,179344006,SNOMEDCT,Total hip replacement,PROCEDURE
SNOMEDCT-181234002,181234002,SNOMEDCT,Entire thyroid gland,ANATOMY
SNOMEDCT-181277001,181277001,SNOMEDCT,Entire pancreas,ANATOMY
SNOMEDCT-18165001,18165001,SNOMEDCT,Jaundice,SYMPTOM
SNOMEDCT-18629005,18629005,SNOMEDCT,Lumbar puncture,PROCEDURE
SNOMEDCT-190905008,190905008,SNOMEDCT,Cystic fibrosis,DISEASE
SNOMEDCT-195967001,195967001,SNOMEDCT,Asthma,DISEASE
SNOMEDCT-197480006,197480006,SNOMEDCT,Anxiety disorder,DISEASE
SNOMEDCT-200936003,200936003,SNOMEDCT,Lupus erythematosus,DISEASE
SNOMEDCT-21522001,21522001,SNOMEDCT,Abdominal pain,SYMPTOM
SNOMEDCT-22253000,22253000,SNOMEDCT,Pain,SYMPTOM
SNOMEDCT-22298006,22298006,SNOMEDCT,Myocardial infarction,DISEASE
SNOMEDCT-230690007,230690007,SNOMEDCT,Stroke,DISEASE
SNOMEDCT-232717009,232717009,SNOMEDCT,Coronary artery bypass grafting,PROCEDURE
SNOMEDCT-232721000,232721000,SNOMEDCT,Aortic valve replacement,PROCEDURE
SNOMEDCT-233604007,233604007,SNOMEDCT,Pneumonia,DISEASE
SNOMEDCT-233970002,233970002,SNOMEDCT,Pulmonary hypertension,DISEASE
SNOMEDCT-235595009,235595009,SNOMEDCT,Gastroesophageal reflux disease,DISEASE
SNOMEDCT-241615005,241615005,SNOMEDCT,Magnetic resonance imaging,PROCEDURE
SNOMEDCT-24700007,24700007,SNOMEDCT,Multiple sclerosis,DISEASE
SNOMEDCT-25064002,25064002,SNOMEDCT,Headache,SYMPTOM
SNOMEDCT-254837009,254837009,SNOMEDCT,Malignant neoplasm of breast,TUMOR
SNOMEDCT-265764009,265764009,SNOMEDCT,Renal dialysis,PROCEDURE
SNOMEDCT-267036007,267036007,SNOMEDCT,Dyspnea,SYMPTOM
SNOMEDCT-26929004,26929004,SNOMEDCT,Alzheimer disease,DISEASE
SNOMEDCT-271737000,271737000,SNOMEDCT,Anemia,DISEASE
SNOMEDCT-271757001,271757001,SNOMEDCT,Palpitations,SYMPTOM
SNOMEDCT-271807003,271807003,SNOMEDCT,Rash,SYMPTOM
SNOMEDCT-274025005,274025005,SNOMEDCT,Bone marrow biopsy,PROCEDURE
SNOMEDCT-29857009,29857009,SNOMEDCT,Chest pain,SYMPTOM
SNOMEDCT-302497006,302497006,SNOMEDCT,Hemodialysis,PROCEDURE
SNOMEDCT-305351004,305351004,SNOMEDCT,Admission to hospital,PROCEDURE
SNOMEDCT-32849002,32849002,SNOMEDCT,Esophagus structure,ANATOMY
SNOMEDCT-34000006,34000006,SNOMEDCT,Crohn disease,DISEASE
SNOMEDCT-34095006,34095006,SNOMEDCT,Dehydration,DISEASE
SNOMEDCT-35489007,35489007,SNOMEDCT,Depression,DISEASE
SNOMEDCT-363358000,363358000,SNOMEDCT,Malignant neoplasm of lung,TUMOR
SNOMEDCT-363406005,363406005,SNOMEDCT,Malignant neoplasm of colon,TUMOR
SNOMEDCT-363443007,363443007,SNOMEDCT,Malignant neoplasm of ovary,TUMOR
SNOMEDCT-36455000,36455000,SNOMEDCT,Rectum structure,ANATOMY
SNOMEDCT-37796009,37796009,SNOMEDCT,Migraine,DISEASE
SNOMEDCT-38102005,38102005,SNOMEDCT,Cholecystectomy,PROCEDURE
SNOMEDCT-38341003,38341003,SNOMEDCT,Hypertension,DISEASE
SNOMEDCT-386517000,386517000,SNOMEDCT,Dementia,DISEASE
SNOMEDCT-386637004,386637004,SNOMEDCT,Blood transfusion,PROCEDURE
SNOMEDCT-386661006,386661006,SNOMEDCT,Fever,SYMPTOM
SNOMEDCT-387713003,387713003,SNOMEDCT,Surgical procedure,PROCEDURE
SNOMEDCT-387731002,387731002,SNOMEDCT,Cataract surgery,PROCEDURE
SNOMEDCT-39607008,39607008,SNOMEDCT,Lung structure,ANATOMY
SNOMEDCT-396275006,396275006,SNOMEDCT,Osteoarthritis,DISEASE
SNOMEDCT-399068003,399068003,SNOMEDCT,Malignant neoplasm of prostate,TUMOR
SNOMEDCT-404640003,404640003,SNOMEDCT,Dizziness,SYMPTOM
SNOMEDCT-40930008,40930008,SNOMEDCT,Hypothyroidism,DISEASE
SNOMEDCT-41216001,41216001,SNOMEDCT,Prostate structure,ANATOMY
SNOMEDCT-414916001,414916001,SNOMEDCT,Obesity,DISEASE
SNOMEDCT-422400008,422400008,SNOMEDCT,Vomiting,SYMPTOM
SNOMEDCT-422587007,422587007,SNOMEDCT,Nausea,SYMPTOM
SNOMEDCT-429609002,429609002,SNOMEDCT,Percutaneous coronary intervention,PROCEDURE
SNOMEDCT-44054006,44054006,SNOMEDCT,Type 2 diabetes mellitus,DISEASE
SNOMEDCT-44103008,44103008,SNOMEDCT,Aortic stenosis,DISEASE
SNOMEDCT-46177005,46177005,SNOMEDCT,End-stage renal disease,DISEASE
SNOMEDCT-46635009,46635009,SNOMEDCT,Type 1 diabetes mellitus,DISEASE
SNOMEDCT-49049000,49049000,SNOMEDCT,Parkinson disease,DISEASE
SNOMEDCT-49436004,49436004,SNOMEDCT,Atrial fibrillation,DISEASE
SNOMEDCT-49650001,49650001,SNOMEDCT,Dysuria,SYMPTOM
SNOMEDCT-49727002,49727002,SNOMEDCT,Cough,SYMPTOM
SNOMEDCT-52896000,52896000,SNOMEDCT,Thoracic spine structure,ANATOMY
SNOMEDCT-53620006,53620006,SNOMEDCT,Hip joint structure,ANATOMY
SNOMEDCT-53741008,53741008,SNOMEDCT,Coronary arteriosclerosis,DISEASE
SNOMEDCT-55822004,55822004,SNOMEDCT,Hyperlipidemia,DISEASE
SNOMEDCT-56717001,56717001,SNOMEDCT,Tuberculosis,DISEASE
SNOMEDCT-57676002,57676002,SNOMEDCT,Joint pain,SYMPTOM
SNOMEDCT-58000006,58000006,SNOMEDCT,Patient discharge,PROCEDURE
SNOMEDCT-58214004,58214004,SNOMEDCT,Schizophrenia,DISEASE
SNOMEDCT-59282003,59282003,SNOMEDCT,Pulmonary embolism,DISEASE
SNOMEDCT-59820001,59820001,SNOMEDCT,Blood vessel structure,ANATOMY
SNOMEDCT-62315008,62315008,SNOMEDCT,Diarrhea,SYMPTOM
SNOMEDCT-64033007,64033007,SNOMEDCT,Kidney structure,ANATOMY
SNOMEDCT-64766004,64766004,SNOMEDCT,Ulcerative colitis,DISEASE
SNOMEDCT-64859006,64859006,SNOMEDCT,Osteoporosis,DISEASE
SNOMEDCT-65653002,65653002,SNOMEDCT,Skin structure,ANATOMY
SNOMEDCT-65801008,65801008,SNOMEDCT,Total knee replacement,PROCEDURE
SNOMEDCT-68235000,68235000,SNOMEDCT,Constipation,SYMPTOM
SNOMEDCT-68566005,68566005,SNOMEDCT,Urinary tract infection,DISEASE
SNOMEDCT-69105007,69105007,SNOMEDCT,Carotid artery structure,ANATOMY
SNOMEDCT-69896004,69896004,SNOMEDCT,Rheumatoid arthritis,DISEASE
SNOMEDCT-709044004,709044004,SNOMEDCT,Chronic kidney disease,DISEASE
SNOMEDCT-71252005,71252005,SNOMEDCT,Cervix uteri structure,ANATOMY
SNOMEDCT-71651007,71651007,SNOMEDCT,Mammography,PROCEDURE
SNOMEDCT-72696002,72696002,SNOMEDCT,Knee joint structure,ANATOMY
SNOMEDCT-73211009,73211009,SNOMEDCT,Diabetes mellitus,DISEASE
SNOMEDCT-73430006,73430006,SNOMEDCT,Sleep apnea,DISEASE
SNOMEDCT-73761001,73761001,SNOMEDCT,Colonoscopy,PROCEDURE
SNOMEDCT-73774007,73774007,SNOMEDCT,Acute renal failure,DISEASE
SNOMEDCT-73829009,73829009,SNOMEDCT,Right ventricle structure,ANATOMY
SNOMEDCT-73903008,73903008,SNOMEDCT,Lumbar spine structure,ANATOMY
SNOMEDCT-77386006,77386006,SNOMEDCT,Pregnancy,DISEASE
SNOMEDCT-80146002,80146002,SNOMEDCT,Appendectomy,PROCEDURE
SNOMEDCT-80891009,80891009,SNOMEDCT,Heart structure,ANATOMY
SNOMEDCT-83670000,83670000,SNOMEDCT,Bladder structure,ANATOMY
SNOMEDCT-84114007,84114007,SNOMEDCT,Heart failure,DISEASE
SNOMEDCT-84229001,84229001,SNOMEDCT,Fatigue,SYMPTOM
SNOMEDCT-85562004,85562004,SNOMEDCT,Breast structure,ANATOMY
SNOMEDCT-86547008,86547008,SNOMEDCT,Aorta structure,ANATOMY
SNOMEDCT-87878005,87878005,SNOMEDCT,Left ventricle structure,ANATOMY
SNOMEDCT-89362005,89362005,SNOMEDCT,Weight loss,SYMPTOM
SNOMEDCT-91602002,91602002,SNOMEDCT,Paracentesis,PROCEDURE
SNOMEDCT-93143009,93143009,SNOMEDCT,Leukemia,TUMOR
SNOMEDCT-93870000,93870000,SNOMEDCT,Malignant neoplasm of pancreas,TUMOR
SNOMEDCT-94381002,94381002,SNOMEDCT,Malignant neoplasm of brain,TUMOR
