search_text,table_name,column_name,data_type,dicom_tag,category,description,constraints,contains_phi,relationships
"Table dicom_patient (Core Hierarchy): Logical patient entity from DICOM headers (not enterprise MPI). Column patient_key (INTEGER) - Surrogate key. DICOM tag (0010,xxxx). Constraints: AUTOINCREMENT PRIMARY KEY.",dicom_patient,patient_key,INTEGER,"(0010,xxxx)",Core Hierarchy,Surrogate key,AUTOINCREMENT PRIMARY KEY,N,Patient → Study → Series → Instance
Table dicom_patient (Core Hierarchy): Logical patient entity from DICOM headers (not enterprise MPI). Column source_system (VARCHAR) - Originating system.,dicom_patient,source_system,VARCHAR,,Core Hierarchy,Originating system,,N,Patient → Study → Series → Instance
"Table dicom_patient (Core Hierarchy): Logical patient entity from DICOM headers (not enterprise MPI). Column patient_id (VARCHAR) - DICOM Patient ID. DICOM tag (0010,0020). Contains PHI - requires masking. Constraints: NOT NULL.",dicom_patient,patient_id,VARCHAR,"(0010,0020)",Core Hierarchy,DICOM Patient ID,NOT NULL,Y,Patient → Study → Series → Instance
"Table dicom_patient (Core Hierarchy): Logical patient entity from DICOM headers (not enterprise MPI). Column issuer_of_patient_id (VARCHAR) - Issuer of Patient ID. DICOM tag (0010,0021). Contains PHI - requires masking.",dicom_patient,issuer_of_patient_id,VARCHAR,"(0010,0021)",Core Hierarchy,Issuer of Patient ID,,Y,Patient → Study → Series → Instance
"Table dicom_patient (Core Hierarchy): Logical patient entity from DICOM headers (not enterprise MPI). Column patient_name (VARCHAR) - Patient name. DICOM tag (0010,0010). Contains PHI - requires masking.",dicom_patient,patient_name,VARCHAR,"(0010,0010)",Core Hierarchy,Patient name,,Y,Patient → Study → Series → Instance
"Table dicom_patient (Core Hierarchy): Logical patient entity from DICOM headers (not enterprise MPI). Column patient_sex (VARCHAR(16)) - M, F, or O. DICOM tag (0010,0040).",dicom_patient,patient_sex,VARCHAR(16),"(0010,0040)",Core Hierarchy,"M, F, or O",,N,Patient → Study → Series → Instance
"Table dicom_patient (Core Hierarchy): Logical patient entity from DICOM headers (not enterprise MPI). Column patient_birth_date (DATE) - Birth date. DICOM tag (0010,0030). Contains PHI - requires masking.",dicom_patient,patient_birth_date,DATE,"(0010,0030)",Core Hierarchy,Birth date,,Y,Patient → Study → Series → Instance
"Table dicom_patient (Core Hierarchy): Logical patient entity from DICOM headers (not enterprise MPI). Column patient_age (VARCHAR(16)) - Age at time of study. DICOM tag (0010,1010).",dicom_patient,patient_age,VARCHAR(16),"(0010,1010)",Core Hierarchy,Age at time of study,,N,Patient → Study → Series → Instance
"Table dicom_patient (Core Hierarchy): Logical patient entity from DICOM headers (not enterprise MPI). Column other_patient_ids (ARRAY) - Alternative patient IDs. DICOM tag (0010,1000). Contains PHI - requires masking.",dicom_patient,other_patient_ids,ARRAY,"(0010,1000)",Core Hierarchy,Alternative patient IDs,,Y,Patient → Study → Series → Instance
"Table dicom_patient (Core Hierarchy): Logical patient entity from DICOM headers (not enterprise MPI). Column other_patient_names (ARRAY) - Alternative names. DICOM tag (0010,1001). Contains PHI - requires masking.",dicom_patient,other_patient_names,ARRAY,"(0010,1001)",Core Hierarchy,Alternative names,,Y,Patient → Study → Series → Instance
"Table dicom_patient (Core Hierarchy): Logical patient entity from DICOM headers (not enterprise MPI). Column comments (VARCHAR) - Patient comments. DICOM tag (0010,4000).",dicom_patient,comments,VARCHAR,"(0010,4000)",Core Hierarchy,Patient comments,,N,Patient → Study → Series → Instance
Table dicom_patient (Core Hierarchy): Logical patient entity from DICOM headers (not enterprise MPI). Column _loaded_at (TIMESTAMP_NTZ) - ETL load timestamp. Constraints: DEFAULT CURRENT_TIMESTAMP().,dicom_patient,_loaded_at,TIMESTAMP_NTZ,,Core Hierarchy,ETL load timestamp,DEFAULT CURRENT_TIMESTAMP(),N,Patient → Study → Series → Instance
Table dicom_study (Core Hierarchy): Study-level context (order/visit/exam episode). Column study_key (INTEGER) - Surrogate key. Constraints: AUTOINCREMENT PRIMARY KEY.,dicom_study,study_key,INTEGER,,Core Hierarchy,Surrogate key,AUTOINCREMENT PRIMARY KEY,N,FK: patient_key → dicom_patient
Table dicom_study (Core Hierarchy): Study-level context (order/visit/exam episode). Column patient_key (INTEGER) - Parent patient. Constraints: FK → dicom_patient(patient_key).,dicom_study,patient_key,INTEGER,,Core Hierarchy,Parent patient,FK → dicom_patient(patient_key),N,FK: patient_key → dicom_patient
"Table dicom_study (Core Hierarchy): Study-level context (order/visit/exam episode). Column study_instance_uid (VARCHAR) - Globally unique study identifier. DICOM tag (0020,000D). Constraints: NOT NULL UNIQUE.",dicom_study,study_instance_uid,VARCHAR,"(0020,000D)",Core Hierarchy,Globally unique study identifier,NOT NULL UNIQUE,N,FK: patient_key → dicom_patient
"Table dicom_study (Core Hierarchy): Study-level context (order/visit/exam episode). Column accession_number (VARCHAR) - RIS accession number. DICOM tag (0008,0050).",dicom_study,accession_number,VARCHAR,"(0008,0050)",Core Hierarchy,RIS accession number,,N,FK: patient_key → dicom_patient
"Table dicom_study (Core Hierarchy): Study-level context (order/visit/exam episode). Column study_id (VARCHAR) - Study ID. DICOM tag (0020,0010).",dicom_study,study_id,VARCHAR,"(0020,0010)",Core Hierarchy,Study ID,,N,FK: patient_key → dicom_patient
Table dicom_study (Core Hierarchy): Study-level context (order/visit/exam episode). Column study_datetime (TIMESTAMP_NTZ) - Combined study date/time.,dicom_study,study_datetime,TIMESTAMP_NTZ,,Core Hierarchy,Combined study date/time,,N,FK: patient_key → dicom_patient
"Table dicom_study (Core Hierarchy): Study-level context (order/visit/exam episode). Column study_date (DATE) - Date study started. DICOM tag (0008,0020).",dicom_study,study_date,DATE,"(0008,0020)",Core Hierarchy,Date study started,,N,FK: patient_key → dicom_patient
"Table dicom_study (Core Hierarchy): Study-level context (order/visit/exam episode). Column study_time (TIME) - Time study started. DICOM tag (0008,0030).",dicom_study,study_time,TIME,"(0008,0030)",Core Hierarchy,Time study started,,N,FK: patient_key → dicom_patient
"Table dicom_study (Core Hierarchy): Study-level context (order/visit/exam episode). Column study_description (VARCHAR) - Study description. DICOM tag (0008,1030).",dicom_study,study_description,VARCHAR,"(0008,1030)",Core Hierarchy,Study description,,N,FK: patient_key → dicom_patient
"Table dicom_study (Core Hierarchy): Study-level context (order/visit/exam episode). Column referring_physician (VARCHAR) - Referring physician name. DICOM tag (0008,0090). Contains PHI - requires masking.",dicom_study,referring_physician,VARCHAR,"(0008,0090)",Core Hierarchy,Referring physician name,,Y,FK: patient_key → dicom_patient
"Table dicom_study (Core Hierarchy): Study-level context (order/visit/exam episode). Column admitting_diagnosis (VARCHAR) - Admitting diagnosis description. DICOM tag (0008,1080).",dicom_study,admitting_diagnosis,VARCHAR,"(0008,1080)",Core Hierarchy,Admitting diagnosis description,,N,FK: patient_key → dicom_patient
Table dicom_study (Core Hierarchy): Study-level context (order/visit/exam episode). Column study_instance_uid_root (VARCHAR) - UID root identifier.,dicom_study,study_instance_uid_root,VARCHAR,,Core Hierarchy,UID root identifier,,N,FK: patient_key → dicom_patient
"Table dicom_study (Core Hierarchy): Study-level context (order/visit/exam episode). Column number_of_series (INTEGER) - Count of series in study. DICOM tag (0020,1206).",dicom_study,number_of_series,INTEGER,"(0020,1206)",Core Hierarchy,Count of series in study,,N,FK: patient_key → dicom_patient
"Table dicom_study (Core Hierarchy): Study-level context (order/visit/exam episode). Column number_of_instances (INTEGER) - Count of instances in study. DICOM tag (0020,1208).",dicom_study,number_of_instances,INTEGER,"(0020,1208)",Core Hierarchy,Count of instances in study,,N,FK: patient_key → dicom_patient
"Table dicom_study (Core Hierarchy): Study-level context (order/visit/exam episode). Column modalities_in_study (ARRAY) - List of modalities in study. DICOM tag (0008,0061).",dicom_study,modalities_in_study,ARRAY,"(0008,0061)",Core Hierarchy,List of modalities in study,,N,FK: patient_key → dicom_patient
Table dicom_study (Core Hierarchy): Study-level context (order/visit/exam episode). Column _source_file (VARCHAR) - Source file path.,dicom_study,_source_file,VARCHAR,,Core Hierarchy,Source file path,,N,FK: patient_key → dicom_patient
Table dicom_study (Core Hierarchy): Study-level context (order/visit/exam episode). Column _loaded_at (TIMESTAMP_NTZ) - ETL load timestamp. Constraints: DEFAULT CURRENT_TIMESTAMP().,dicom_study,_loaded_at,TIMESTAMP_NTZ,,Core Hierarchy,ETL load timestamp,DEFAULT CURRENT_TIMESTAMP(),N,FK: patient_key → dicom_patient
Table dicom_series (Core Hierarchy): Group of instances with common acquisition context. Column series_key (INTEGER) - Surrogate key. Constraints: AUTOINCREMENT PRIMARY KEY.,dicom_series,series_key,INTEGER,,Core Hierarchy,Surrogate key,AUTOINCREMENT PRIMARY KEY,N,FK: study_key → dicom_study
Table dicom_series (Core Hierarchy): Group of instances with common acquisition context. Column study_key (INTEGER) - Parent study. Constraints: FK → dicom_study(study_key).,dicom_series,study_key,INTEGER,,Core Hierarchy,Parent study,FK → dicom_study(study_key),N,FK: study_key → dicom_study
"Table dicom_series (Core Hierarchy): Group of instances with common acquisition context. Column series_instance_uid (VARCHAR) - Globally unique series identifier. DICOM tag (0020,000E). Constraints: NOT NULL UNIQUE.",dicom_series,series_instance_uid,VARCHAR,"(0020,000E)",Core Hierarchy,Globally unique series identifier,NOT NULL UNIQUE,N,FK: study_key → dicom_study
"Table dicom_series (Core Hierarchy): Group of instances with common acquisition context. Column series_number (INTEGER) - Series number. DICOM tag (0020,0011).",dicom_series,series_number,INTEGER,"(0020,0011)",Core Hierarchy,Series number,,N,FK: study_key → dicom_study
"Table dicom_series (Core Hierarchy): Group of instances with common acquisition context. Column modality (VARCHAR(16)) - Equipment type: CT, MR, CR, DX, US, NM, PT, XA, MG, SEG, SR, OT. DICOM tag (0008,0060). Constraints: NOT NULL.",dicom_series,modality,VARCHAR(16),"(0008,0060)",Core Hierarchy,"Equipment type: CT, MR, CR, DX, US, NM, PT, XA, MG, SEG, SR, OT",NOT NULL,N,FK: study_key → dicom_study
"Table dicom_series (Core Hierarchy): Group of instances with common acquisition context. Column body_part_examined (VARCHAR) - Body part examined. DICOM tag (0018,0015).",dicom_series,body_part_examined,VARCHAR,"(0018,0015)",Core Hierarchy,Body part examined,,N,FK: study_key → dicom_study
"Table dicom_series (Core Hierarchy): Group of instances with common acquisition context. Column laterality (VARCHAR(16)) - L, R, or B. DICOM tag (0020,0060).",dicom_series,laterality,VARCHAR(16),"(0020,0060)",Core Hierarchy,"L, R, or B",,N,FK: study_key → dicom_study
"Table dicom_series (Core Hierarchy): Group of instances with common acquisition context. Column series_description (VARCHAR) - Series description. DICOM tag (0008,103E).",dicom_series,series_description,VARCHAR,"(0008,103E)",Core Hierarchy,Series description,,N,FK: study_key → dicom_study
"Table dicom_series (Core Hierarchy): Group of instances with common acquisition context. Column frame_of_reference_uid (VARCHAR) - Spatial coordinate frame. DICOM tag (0020,0052).",dicom_series,frame_of_reference_uid,VARCHAR,"(0020,0052)",Core Hierarchy,Spatial coordinate frame,,N,FK: study_key → dicom_study
"Table dicom_series (Core Hierarchy): Group of instances with common acquisition context. Column patient_position (VARCHAR(16)) - Patient positioning (HFS, FFS, etc.). DICOM tag (0018,5100).",dicom_series,patient_position,VARCHAR(16),"(0018,5100)",Core Hierarchy,"Patient positioning (HFS, FFS, etc.)",,N,FK: study_key → dicom_study
Table dicom_series (Core Hierarchy): Group of instances with common acquisition context. Column performed_station_name (VARCHAR) - Station where acquired.,dicom_series,performed_station_name,VARCHAR,,Core Hierarchy,Station where acquired,,N,FK: study_key → dicom_study
Table dicom_series (Core Hierarchy): Group of instances with common acquisition context. Column performed_location (VARCHAR) - Location where acquired.,dicom_series,performed_location,VARCHAR,,Core Hierarchy,Location where acquired,,N,FK: study_key → dicom_study
"Table dicom_series (Core Hierarchy): Group of instances with common acquisition context. Column series_date (DATE) - Date series acquired. DICOM tag (0008,0021).",dicom_series,series_date,DATE,"(0008,0021)",Core Hierarchy,Date series acquired,,N,FK: study_key → dicom_study
"Table dicom_series (Core Hierarchy): Group of instances with common acquisition context. Column series_time (TIME) - Time series acquired. DICOM tag (0008,0031).",dicom_series,series_time,TIME,"(0008,0031)",Core Hierarchy,Time series acquired,,N,FK: study_key → dicom_study
"Table dicom_series (Core Hierarchy): Group of instances with common acquisition context. Column protocol_name (VARCHAR) - Acquisition protocol name. DICOM tag (0018,1030).",dicom_series,protocol_name,VARCHAR,"(0018,1030)",Core Hierarchy,Acquisition protocol name,,N,FK: study_key → dicom_study
"Table dicom_series (Core Hierarchy): Group of instances with common acquisition context. Column number_of_instances (INTEGER) - Count of instances in series. DICOM tag (0020,1209).",dicom_series,number_of_instances,INTEGER,"(0020,1209)",Core Hierarchy,Count of instances in series,,N,FK: study_key → dicom_study
Table dicom_series (Core Hierarchy): Group of instances with common acquisition context. Column _source_file (VARCHAR) - Source file path.,dicom_series,_source_file,VARCHAR,,Core Hierarchy,Source file path,,N,FK: study_key → dicom_study
Table dicom_series (Core Hierarchy): Group of instances with common acquisition context. Column _loaded_at (TIMESTAMP_NTZ) - ETL load timestamp. Constraints: DEFAULT CURRENT_TIMESTAMP().,dicom_series,_loaded_at,TIMESTAMP_NTZ,,Core Hierarchy,ETL load timestamp,DEFAULT CURRENT_TIMESTAMP(),N,FK: study_key → dicom_study
"Table dicom_instance (Core Hierarchy): Individual DICOM SOP instance (image, SR, SEG, RT, etc.). Column instance_key (INTEGER) - Surrogate key. Constraints: AUTOINCREMENT PRIMARY KEY.",dicom_instance,instance_key,INTEGER,,Core Hierarchy,Surrogate key,AUTOINCREMENT PRIMARY KEY,N,FK: series_key → dicom_series
"Table dicom_instance (Core Hierarchy): Individual DICOM SOP instance (image, SR, SEG, RT, etc.). Column series_key (INTEGER) - Parent series. Constraints: FK → dicom_series(series_key).",dicom_instance,series_key,INTEGER,,Core Hierarchy,Parent series,FK → dicom_series(series_key),N,FK: series_key → dicom_series
"Table dicom_instance (Core Hierarchy): Individual DICOM SOP instance (image, SR, SEG, RT, etc.). Column sop_instance_uid (VARCHAR) - Globally unique instance identifier. DICOM tag (0008,0018). Constraints: NOT NULL UNIQUE.",dicom_instance,sop_instance_uid,VARCHAR,"(0008,0018)",Core Hierarchy,Globally unique instance identifier,NOT NULL UNIQUE,N,FK: series_key → dicom_series
"Table dicom_instance (Core Hierarchy): Individual DICOM SOP instance (image, SR, SEG, RT, etc.). Column sop_class_uid (VARCHAR) - SOP Class identifier (type of object). DICOM tag (0008,0016). Constraints: NOT NULL.",dicom_instance,sop_class_uid,VARCHAR,"(0008,0016)",Core Hierarchy,SOP Class identifier (type of object),NOT NULL,N,FK: series_key → dicom_series
"Table dicom_instance (Core Hierarchy): Individual DICOM SOP instance (image, SR, SEG, RT, etc.). Column instance_number (INTEGER) - Image number in series. DICOM tag (0020,0013).",dicom_instance,instance_number,INTEGER,"(0020,0013)",Core Hierarchy,Image number in series,,N,FK: series_key → dicom_series
"Table dicom_instance (Core Hierarchy): Individual DICOM SOP instance (image, SR, SEG, RT, etc.). Column image_type (ARRAY) - Image type components. DICOM tag (0008,0008).",dicom_instance,image_type,ARRAY,"(0008,0008)",Core Hierarchy,Image type components,,N,FK: series_key → dicom_series
"Table dicom_instance (Core Hierarchy): Individual DICOM SOP instance (image, SR, SEG, RT, etc.). Column acquisition_datetime (TIMESTAMP_NTZ) - Combined acquisition date/time.",dicom_instance,acquisition_datetime,TIMESTAMP_NTZ,,Core Hierarchy,Combined acquisition date/time,,N,FK: series_key → dicom_series
"Table dicom_instance (Core Hierarchy): Individual DICOM SOP instance (image, SR, SEG, RT, etc.). Column content_datetime (TIMESTAMP_NTZ) - Combined content date/time.",dicom_instance,content_datetime,TIMESTAMP_NTZ,,Core Hierarchy,Combined content date/time,,N,FK: series_key → dicom_series
"Table dicom_instance (Core Hierarchy): Individual DICOM SOP instance (image, SR, SEG, RT, etc.). Column acquisition_date (DATE) - Date of acquisition. DICOM tag (0008,0022).",dicom_instance,acquisition_date,DATE,"(0008,0022)",Core Hierarchy,Date of acquisition,,N,FK: series_key → dicom_series
"Table dicom_instance (Core Hierarchy): Individual DICOM SOP instance (image, SR, SEG, RT, etc.). Column acquisition_time (TIME) - Time of acquisition. DICOM tag (0008,0032).",dicom_instance,acquisition_time,TIME,"(0008,0032)",Core Hierarchy,Time of acquisition,,N,FK: series_key → dicom_series
"Table dicom_instance (Core Hierarchy): Individual DICOM SOP instance (image, SR, SEG, RT, etc.). Column content_date (DATE) - Date content created. DICOM tag (0008,0023).",dicom_instance,content_date,DATE,"(0008,0023)",Core Hierarchy,Date content created,,N,FK: series_key → dicom_series
"Table dicom_instance (Core Hierarchy): Individual DICOM SOP instance (image, SR, SEG, RT, etc.). Column content_time (TIME) - Time content created. DICOM tag (0008,0033).",dicom_instance,content_time,TIME,"(0008,0033)",Core Hierarchy,Time content created,,N,FK: series_key → dicom_series
"Table dicom_instance (Core Hierarchy): Individual DICOM SOP instance (image, SR, SEG, RT, etc.). Column number_of_frames (INTEGER) - Number of frames (multi-frame). DICOM tag (0028,0008). Constraints: DEFAULT 1.",dicom_instance,number_of_frames,INTEGER,"(0028,0008)",Core Hierarchy,Number of frames (multi-frame),DEFAULT 1,N,FK: series_key → dicom_series
"Table dicom_instance (Core Hierarchy): Individual DICOM SOP instance (image, SR, SEG, RT, etc.). Column specific_character_set (VARCHAR) - Character encoding. DICOM tag (0008,0005).",dicom_instance,specific_character_set,VARCHAR,"(0008,0005)",Core Hierarchy,Character encoding,,N,FK: series_key → dicom_series
"Table dicom_instance (Core Hierarchy): Individual DICOM SOP instance (image, SR, SEG, RT, etc.). Column burned_in_annotation (VARCHAR) - Whether annotations are burned in. DICOM tag (0028,0301). Contains PHI - requires masking.",dicom_instance,burned_in_annotation,VARCHAR,"(0028,0301)",Core Hierarchy,Whether annotations are burned in,,Y,FK: series_key → dicom_series
"Table dicom_instance (Core Hierarchy): Individual DICOM SOP instance (image, SR, SEG, RT, etc.). Column presentation_intent (VARCHAR) - FOR PROCESSING or FOR PRESENTATION. DICOM tag (0008,0068).",dicom_instance,presentation_intent,VARCHAR,"(0008,0068)",Core Hierarchy,FOR PROCESSING or FOR PRESENTATION,,N,FK: series_key → dicom_series
"Table dicom_instance (Core Hierarchy): Individual DICOM SOP instance (image, SR, SEG, RT, etc.). Column file_path (VARCHAR) - Original file path.",dicom_instance,file_path,VARCHAR,,Core Hierarchy,Original file path,,N,FK: series_key → dicom_series
"Table dicom_instance (Core Hierarchy): Individual DICOM SOP instance (image, SR, SEG, RT, etc.). Column file_size_bytes (INTEGER) - File size in bytes.",dicom_instance,file_size_bytes,INTEGER,,Core Hierarchy,File size in bytes,,N,FK: series_key → dicom_series
"Table dicom_instance (Core Hierarchy): Individual DICOM SOP instance (image, SR, SEG, RT, etc.). Column transfer_syntax_uid (VARCHAR) - DICOM transfer syntax. DICOM tag (0002,0010).",dicom_instance,transfer_syntax_uid,VARCHAR,"(0002,0010)",Core Hierarchy,DICOM transfer syntax,,N,FK: series_key → dicom_series
"Table dicom_instance (Core Hierarchy): Individual DICOM SOP instance (image, SR, SEG, RT, etc.). Column _source_file (VARCHAR) - Source file path.",dicom_instance,_source_file,VARCHAR,,Core Hierarchy,Source file path,,N,FK: series_key → dicom_series
"Table dicom_instance (Core Hierarchy): Individual DICOM SOP instance (image, SR, SEG, RT, etc.). Column _loaded_at (TIMESTAMP_NTZ) - ETL load timestamp. Constraints: DEFAULT CURRENT_TIMESTAMP().",dicom_instance,_loaded_at,TIMESTAMP_NTZ,,Core Hierarchy,ETL load timestamp,DEFAULT CURRENT_TIMESTAMP(),N,FK: series_key → dicom_series
"Table dicom_frame (Core Hierarchy): Per-frame metadata for multi-frame objects (enhanced CT/MR, SEG). Column frame_key (INTEGER) - Surrogate key. Constraints: AUTOINCREMENT PRIMARY KEY.",dicom_frame,frame_key,INTEGER,,Core Hierarchy,Surrogate key,AUTOINCREMENT PRIMARY KEY,N,FK: instance_key → dicom_instance
"Table dicom_frame (Core Hierarchy): Per-frame metadata for multi-frame objects (enhanced CT/MR, SEG). Column instance_key (INTEGER) - Parent instance. Constraints: FK → dicom_instance(instance_key).",dicom_frame,instance_key,INTEGER,,Core Hierarchy,Parent instance,FK → dicom_instance(instance_key),N,FK: instance_key → dicom_instance
"Table dicom_frame (Core Hierarchy): Per-frame metadata for multi-frame objects (enhanced CT/MR, SEG). Column frame_number (INTEGER) - Frame number (1-based). Constraints: NOT NULL.",dicom_frame,frame_number,INTEGER,,Core Hierarchy,Frame number (1-based),NOT NULL,N,FK: instance_key → dicom_instance
"Table dicom_frame (Core Hierarchy): Per-frame metadata for multi-frame objects (enhanced CT/MR, SEG). Column frame_content_datetime (TIMESTAMP_NTZ) - Frame acquisition time. DICOM tag (0018,9074).",dicom_frame,frame_content_datetime,TIMESTAMP_NTZ,"(0018,9074)",Core Hierarchy,Frame acquisition time,,N,FK: instance_key → dicom_instance
"Table dicom_frame (Core Hierarchy): Per-frame metadata for multi-frame objects (enhanced CT/MR, SEG). Column image_position_patient (ARRAY) - 3D position in patient coordinates. DICOM tag (0020,0032).",dicom_frame,image_position_patient,ARRAY,"(0020,0032)",Core Hierarchy,3D position in patient coordinates,,N,FK: instance_key → dicom_instance
"Table dicom_frame (Core Hierarchy): Per-frame metadata for multi-frame objects (enhanced CT/MR, SEG). Column image_orientation_patient (ARRAY) - Direction cosines. DICOM tag (0020,0037).",dicom_frame,image_orientation_patient,ARRAY,"(0020,0037)",Core Hierarchy,Direction cosines,,N,FK: instance_key → dicom_instance
"Table dicom_frame (Core Hierarchy): Per-frame metadata for multi-frame objects (enhanced CT/MR, SEG). Column slice_location (FLOAT) - Slice location in mm. DICOM tag (0020,1041).",dicom_frame,slice_location,FLOAT,"(0020,1041)",Core Hierarchy,Slice location in mm,,N,FK: instance_key → dicom_instance
"Table dicom_frame (Core Hierarchy): Per-frame metadata for multi-frame objects (enhanced CT/MR, SEG). Column temporal_position_index (INTEGER) - Temporal position for dynamic scans. DICOM tag (0020,9128).",dicom_frame,temporal_position_index,INTEGER,"(0020,9128)",Core Hierarchy,Temporal position for dynamic scans,,N,FK: instance_key → dicom_instance
"Table dicom_frame (Core Hierarchy): Per-frame metadata for multi-frame objects (enhanced CT/MR, SEG). Column cardiac_cycle_position (FLOAT) - Position in cardiac cycle.",dicom_frame,cardiac_cycle_position,FLOAT,,Core Hierarchy,Position in cardiac cycle,,N,FK: instance_key → dicom_instance
"Table dicom_frame (Core Hierarchy): Per-frame metadata for multi-frame objects (enhanced CT/MR, SEG). Column _loaded_at (TIMESTAMP_NTZ) - ETL load timestamp. Constraints: DEFAULT CURRENT_TIMESTAMP().",dicom_frame,_loaded_at,TIMESTAMP_NTZ,,Core Hierarchy,ETL load timestamp,DEFAULT CURRENT_TIMESTAMP(),N,FK: instance_key → dicom_instance
Table dicom_equipment (Technical Context): Acquisition device/scanner details. Column equipment_key (INTEGER) - Surrogate key. Constraints: AUTOINCREMENT PRIMARY KEY.,dicom_equipment,equipment_key,INTEGER,,Technical Context,Surrogate key,AUTOINCREMENT PRIMARY KEY,N,FK: series_key → dicom_series
Table dicom_equipment (Technical Context): Acquisition device/scanner details. Column series_key (INTEGER) - Parent series. Constraints: FK → dicom_series(series_key).,dicom_equipment,series_key,INTEGER,,Technical Context,Parent series,FK → dicom_series(series_key),N,FK: series_key → dicom_series
"Table dicom_equipment (Technical Context): Acquisition device/scanner details. Column manufacturer (VARCHAR) - Device manufacturer. DICOM tag (0008,0070).",dicom_equipment,manufacturer,VARCHAR,"(0008,0070)",Technical Context,Device manufacturer,,N,FK: series_key → dicom_series
"Table dicom_equipment (Technical Context): Acquisition device/scanner details. Column manufacturer_model_name (VARCHAR) - Model name. DICOM tag (0008,1090).",dicom_equipment,manufacturer_model_name,VARCHAR,"(0008,1090)",Technical Context,Model name,,N,FK: series_key → dicom_series
"Table dicom_equipment (Technical Context): Acquisition device/scanner details. Column device_serial_number (VARCHAR) - Serial number. DICOM tag (0018,1000).",dicom_equipment,device_serial_number,VARCHAR,"(0018,1000)",Technical Context,Serial number,,N,FK: series_key → dicom_series
"Table dicom_equipment (Technical Context): Acquisition device/scanner details. Column software_versions (VARCHAR) - Software versions. DICOM tag (0018,1020).",dicom_equipment,software_versions,VARCHAR,"(0018,1020)",Technical Context,Software versions,,N,FK: series_key → dicom_series
"Table dicom_equipment (Technical Context): Acquisition device/scanner details. Column institution_name (VARCHAR) - Institution name. DICOM tag (0008,0080).",dicom_equipment,institution_name,VARCHAR,"(0008,0080)",Technical Context,Institution name,,N,FK: series_key → dicom_series
"Table dicom_equipment (Technical Context): Acquisition device/scanner details. Column institution_address (VARCHAR) - Institution address. DICOM tag (0008,0081).",dicom_equipment,institution_address,VARCHAR,"(0008,0081)",Technical Context,Institution address,,N,FK: series_key → dicom_series
"Table dicom_equipment (Technical Context): Acquisition device/scanner details. Column station_name (VARCHAR) - Station identifier. DICOM tag (0008,1010).",dicom_equipment,station_name,VARCHAR,"(0008,1010)",Technical Context,Station identifier,,N,FK: series_key → dicom_series
"Table dicom_equipment (Technical Context): Acquisition device/scanner details. Column institutional_dept_name (VARCHAR) - Department name. DICOM tag (0008,1040).",dicom_equipment,institutional_dept_name,VARCHAR,"(0008,1040)",Technical Context,Department name,,N,FK: series_key → dicom_series
Table dicom_equipment (Technical Context): Acquisition device/scanner details. Column _loaded_at (TIMESTAMP_NTZ) - ETL load timestamp. Constraints: DEFAULT CURRENT_TIMESTAMP().,dicom_equipment,_loaded_at,TIMESTAMP_NTZ,,Technical Context,ETL load timestamp,DEFAULT CURRENT_TIMESTAMP(),N,FK: series_key → dicom_series
Table dicom_image_pixel (Technical Context): Pixel grid and encoding characteristics (not pixel values). Column image_pixel_key (INTEGER) - Surrogate key. Constraints: AUTOINCREMENT PRIMARY KEY.,dicom_image_pixel,image_pixel_key,INTEGER,,Technical Context,Surrogate key,AUTOINCREMENT PRIMARY KEY,N,FK: instance_key → dicom_instance
Table dicom_image_pixel (Technical Context): Pixel grid and encoding characteristics (not pixel values). Column instance_key (INTEGER) - Parent instance. Constraints: FK → dicom_instance(instance_key).,dicom_image_pixel,instance_key,INTEGER,,Technical Context,Parent instance,FK → dicom_instance(instance_key),N,FK: instance_key → dicom_instance
"Table dicom_image_pixel (Technical Context): Pixel grid and encoding characteristics (not pixel values). Column image_rows (INTEGER) - Image height in pixels. DICOM tag (0028,0010).",dicom_image_pixel,image_rows,INTEGER,"(0028,0010)",Technical Context,Image height in pixels,,N,FK: instance_key → dicom_instance
"Table dicom_image_pixel (Technical Context): Pixel grid and encoding characteristics (not pixel values). Column image_columns (INTEGER) - Image width in pixels. DICOM tag (0028,0011).",dicom_image_pixel,image_columns,INTEGER,"(0028,0011)",Technical Context,Image width in pixels,,N,FK: instance_key → dicom_instance
"Table dicom_image_pixel (Technical Context): Pixel grid and encoding characteristics (not pixel values). Column number_of_frames (INTEGER) - Number of frames. DICOM tag (0028,0008).",dicom_image_pixel,number_of_frames,INTEGER,"(0028,0008)",Technical Context,Number of frames,,N,FK: instance_key → dicom_instance
"Table dicom_image_pixel (Technical Context): Pixel grid and encoding characteristics (not pixel values). Column samples_per_pixel (INTEGER) - Color channels (1=grayscale, 3=RGB). DICOM tag (0028,0002).",dicom_image_pixel,samples_per_pixel,INTEGER,"(0028,0002)",Technical Context,"Color channels (1=grayscale, 3=RGB)",,N,FK: instance_key → dicom_instance
"Table dicom_image_pixel (Technical Context): Pixel grid and encoding characteristics (not pixel values). Column photometric_interpretation (VARCHAR) - MONOCHROME1, MONOCHROME2, RGB, etc.. DICOM tag (0028,0004).",dicom_image_pixel,photometric_interpretation,VARCHAR,"(0028,0004)",Technical Context,"MONOCHROME1, MONOCHROME2, RGB, etc.",,N,FK: instance_key → dicom_instance
"Table dicom_image_pixel (Technical Context): Pixel grid and encoding characteristics (not pixel values). Column bits_allocated (INTEGER) - Bits allocated per pixel. DICOM tag (0028,0100).",dicom_image_pixel,bits_allocated,INTEGER,"(0028,0100)",Technical Context,Bits allocated per pixel,,N,FK: instance_key → dicom_instance
"Table dicom_image_pixel (Technical Context): Pixel grid and encoding characteristics (not pixel values). Column bits_stored (INTEGER) - Bits stored per pixel. DICOM tag (0028,0101).",dicom_image_pixel,bits_stored,INTEGER,"(0028,0101)",Technical Context,Bits stored per pixel,,N,FK: instance_key → dicom_instance
"Table dicom_image_pixel (Technical Context): Pixel grid and encoding characteristics (not pixel values). Column high_bit (INTEGER) - Most significant bit. DICOM tag (0028,0102).",dicom_image_pixel,high_bit,INTEGER,"(0028,0102)",Technical Context,Most significant bit,,N,FK: instance_key → dicom_instance
"Table dicom_image_pixel (Technical Context): Pixel grid and encoding characteristics (not pixel values). Column pixel_representation (INTEGER) - 0=unsigned, 1=signed. DICOM tag (0028,0103).",dicom_image_pixel,pixel_representation,INTEGER,"(0028,0103)",Technical Context,"0=unsigned, 1=signed",,N,FK: instance_key → dicom_instance
"Table dicom_image_pixel (Technical Context): Pixel grid and encoding characteristics (not pixel values). Column planar_configuration (INTEGER) - Pixel data organization. DICOM tag (0028,0006).",dicom_image_pixel,planar_configuration,INTEGER,"(0028,0006)",Technical Context,Pixel data organization,,N,FK: instance_key → dicom_instance
"Table dicom_image_pixel (Technical Context): Pixel grid and encoding characteristics (not pixel values). Column rescale_intercept (FLOAT) - Rescale intercept (CT HU). DICOM tag (0028,1052).",dicom_image_pixel,rescale_intercept,FLOAT,"(0028,1052)",Technical Context,Rescale intercept (CT HU),,N,FK: instance_key → dicom_instance
"Table dicom_image_pixel (Technical Context): Pixel grid and encoding characteristics (not pixel values). Column rescale_slope (FLOAT) - Rescale slope (CT HU). DICOM tag (0028,1053).",dicom_image_pixel,rescale_slope,FLOAT,"(0028,1053)",Technical Context,Rescale slope (CT HU),,N,FK: instance_key → dicom_instance
"Table dicom_image_pixel (Technical Context): Pixel grid and encoding characteristics (not pixel values). Column window_center (ARRAY) - Window center values. DICOM tag (0028,1050).",dicom_image_pixel,window_center,ARRAY,"(0028,1050)",Technical Context,Window center values,,N,FK: instance_key → dicom_instance
"Table dicom_image_pixel (Technical Context): Pixel grid and encoding characteristics (not pixel values). Column window_width (ARRAY) - Window width values. DICOM tag (0028,1051).",dicom_image_pixel,window_width,ARRAY,"(0028,1051)",Technical Context,Window width values,,N,FK: instance_key → dicom_instance
Table dicom_image_pixel (Technical Context): Pixel grid and encoding characteristics (not pixel values). Column _loaded_at (TIMESTAMP_NTZ) - ETL load timestamp. Constraints: DEFAULT CURRENT_TIMESTAMP().,dicom_image_pixel,_loaded_at,TIMESTAMP_NTZ,,Technical Context,ETL load timestamp,DEFAULT CURRENT_TIMESTAMP(),N,FK: instance_key → dicom_instance
Table dicom_image_plane (Technical Context): Spatial resolution and positioning. Column image_plane_key (INTEGER) - Surrogate key. Constraints: AUTOINCREMENT PRIMARY KEY.,dicom_image_plane,image_plane_key,INTEGER,,Technical Context,Surrogate key,AUTOINCREMENT PRIMARY KEY,N,"FK: instance_key → dicom_instance, frame_key → dicom_frame"
Table dicom_image_plane (Technical Context): Spatial resolution and positioning. Column instance_key (INTEGER) - Parent instance. Constraints: FK → dicom_instance(instance_key).,dicom_image_plane,instance_key,INTEGER,,Technical Context,Parent instance,FK → dicom_instance(instance_key),N,"FK: instance_key → dicom_instance, frame_key → dicom_frame"
Table dicom_image_plane (Technical Context): Spatial resolution and positioning. Column frame_key (INTEGER) - Parent frame (if multi-frame). Constraints: FK → dicom_frame(frame_key).,dicom_image_plane,frame_key,INTEGER,,Technical Context,Parent frame (if multi-frame),FK → dicom_frame(frame_key),N,"FK: instance_key → dicom_instance, frame_key → dicom_frame"
"Table dicom_image_plane (Technical Context): Spatial resolution and positioning. Column pixel_spacing (ARRAY) - Row/column spacing in mm. DICOM tag (0028,0030).",dicom_image_plane,pixel_spacing,ARRAY,"(0028,0030)",Technical Context,Row/column spacing in mm,,N,"FK: instance_key → dicom_instance, frame_key → dicom_frame"
"Table dicom_image_plane (Technical Context): Spatial resolution and positioning. Column slice_thickness (FLOAT) - Slice thickness in mm. DICOM tag (0018,0050).",dicom_image_plane,slice_thickness,FLOAT,"(0018,0050)",Technical Context,Slice thickness in mm,,N,"FK: instance_key → dicom_instance, frame_key → dicom_frame"
"Table dicom_image_plane (Technical Context): Spatial resolution and positioning. Column image_position_patient (ARRAY) - 3D position in patient coordinates. DICOM tag (0020,0032).",dicom_image_plane,image_position_patient,ARRAY,"(0020,0032)",Technical Context,3D position in patient coordinates,,N,"FK: instance_key → dicom_instance, frame_key → dicom_frame"
"Table dicom_image_plane (Technical Context): Spatial resolution and positioning. Column image_orientation_patient (ARRAY) - Direction cosines (6 values). DICOM tag (0020,0037).",dicom_image_plane,image_orientation_patient,ARRAY,"(0020,0037)",Technical Context,Direction cosines (6 values),,N,"FK: instance_key → dicom_instance, frame_key → dicom_frame"
"Table dicom_image_plane (Technical Context): Spatial resolution and positioning. Column spacing_between_slices (FLOAT) - Spacing between slices in mm. DICOM tag (0018,0088).",dicom_image_plane,spacing_between_slices,FLOAT,"(0018,0088)",Technical Context,Spacing between slices in mm,,N,"FK: instance_key → dicom_instance, frame_key → dicom_frame"
"Table dicom_image_plane (Technical Context): Spatial resolution and positioning. Column position_reference_indicator (VARCHAR) - Anatomical reference point. DICOM tag (0020,1040).",dicom_image_plane,position_reference_indicator,VARCHAR,"(0020,1040)",Technical Context,Anatomical reference point,,N,"FK: instance_key → dicom_instance, frame_key → dicom_frame"
Table dicom_image_plane (Technical Context): Spatial resolution and positioning. Column _loaded_at (TIMESTAMP_NTZ) - ETL load timestamp. Constraints: DEFAULT CURRENT_TIMESTAMP().,dicom_image_plane,_loaded_at,TIMESTAMP_NTZ,,Technical Context,ETL load timestamp,DEFAULT CURRENT_TIMESTAMP(),N,"FK: instance_key → dicom_instance, frame_key → dicom_frame"
Table dicom_procedure_step (Workflow Context): Mapping to requested/performed procedures and codes. Column procedure_key (INTEGER) - Surrogate key. Constraints: AUTOINCREMENT PRIMARY KEY.,dicom_procedure_step,procedure_key,INTEGER,,Workflow Context,Surrogate key,AUTOINCREMENT PRIMARY KEY,N,FK: study_key → dicom_study
Table dicom_procedure_step (Workflow Context): Mapping to requested/performed procedures and codes. Column study_key (INTEGER) - Parent study. Constraints: FK → dicom_study(study_key).,dicom_procedure_step,study_key,INTEGER,,Workflow Context,Parent study,FK → dicom_study(study_key),N,FK: study_key → dicom_study
"Table dicom_procedure_step (Workflow Context): Mapping to requested/performed procedures and codes. Column requested_procedure_id (VARCHAR) - Requested procedure identifier. DICOM tag (0040,1001).",dicom_procedure_step,requested_procedure_id,VARCHAR,"(0040,1001)",Workflow Context,Requested procedure identifier,,N,FK: study_key → dicom_study
"Table dicom_procedure_step (Workflow Context): Mapping to requested/performed procedures and codes. Column requested_procedure_description (VARCHAR) - Requested procedure description. DICOM tag (0032,1060).",dicom_procedure_step,requested_procedure_description,VARCHAR,"(0032,1060)",Workflow Context,Requested procedure description,,N,FK: study_key → dicom_study
"Table dicom_procedure_step (Workflow Context): Mapping to requested/performed procedures and codes. Column requested_procedure_code_seq (VARIANT) - Coded procedure request (JSON). DICOM tag (0032,1064).",dicom_procedure_step,requested_procedure_code_seq,VARIANT,"(0032,1064)",Workflow Context,Coded procedure request (JSON),,N,FK: study_key → dicom_study
"Table dicom_procedure_step (Workflow Context): Mapping to requested/performed procedures and codes. Column performed_procedure_step_id (VARCHAR) - Performed step identifier. DICOM tag (0040,0253).",dicom_procedure_step,performed_procedure_step_id,VARCHAR,"(0040,0253)",Workflow Context,Performed step identifier,,N,FK: study_key → dicom_study
"Table dicom_procedure_step (Workflow Context): Mapping to requested/performed procedures and codes. Column performed_procedure_description (VARCHAR) - Performed procedure description. DICOM tag (0040,0254).",dicom_procedure_step,performed_procedure_description,VARCHAR,"(0040,0254)",Workflow Context,Performed procedure description,,N,FK: study_key → dicom_study
Table dicom_procedure_step (Workflow Context): Mapping to requested/performed procedures and codes. Column performed_procedure_type (VARCHAR) - Type of performed procedure.,dicom_procedure_step,performed_procedure_type,VARCHAR,,Workflow Context,Type of performed procedure,,N,FK: study_key → dicom_study
"Table dicom_procedure_step (Workflow Context): Mapping to requested/performed procedures and codes. Column performed_procedure_code_seq (VARIANT) - Coded performed procedure (JSON). DICOM tag (0040,0260).",dicom_procedure_step,performed_procedure_code_seq,VARIANT,"(0040,0260)",Workflow Context,Coded performed procedure (JSON),,N,FK: study_key → dicom_study
Table dicom_procedure_step (Workflow Context): Mapping to requested/performed procedures and codes. Column _loaded_at (TIMESTAMP_NTZ) - ETL load timestamp. Constraints: DEFAULT CURRENT_TIMESTAMP().,dicom_procedure_step,_loaded_at,TIMESTAMP_NTZ,,Workflow Context,ETL load timestamp,DEFAULT CURRENT_TIMESTAMP(),N,FK: study_key → dicom_study
Table dicom_dose_summary (Dose & Exposure): Summarized exposure parameters for CT/radiography analytics. Column dose_key (INTEGER) - Surrogate key. Constraints: AUTOINCREMENT PRIMARY KEY.,dicom_dose_summary,dose_key,INTEGER,,Dose & Exposure,Surrogate key,AUTOINCREMENT PRIMARY KEY,N,"FK: series_key → dicom_series, study_key → dicom_study"
Table dicom_dose_summary (Dose & Exposure): Summarized exposure parameters for CT/radiography analytics. Column series_key (INTEGER) - Parent series. Constraints: FK → dicom_series(series_key).,dicom_dose_summary,series_key,INTEGER,,Dose & Exposure,Parent series,FK → dicom_series(series_key),N,"FK: series_key → dicom_series, study_key → dicom_study"
Table dicom_dose_summary (Dose & Exposure): Summarized exposure parameters for CT/radiography analytics. Column study_key (INTEGER) - Parent study. Constraints: FK → dicom_study(study_key).,dicom_dose_summary,study_key,INTEGER,,Dose & Exposure,Parent study,FK → dicom_study(study_key),N,"FK: series_key → dicom_series, study_key → dicom_study"
"Table dicom_dose_summary (Dose & Exposure): Summarized exposure parameters for CT/radiography analytics. Column ctdi_vol (FLOAT) - CT Dose Index Volume (mGy). DICOM tag (0018,9345).",dicom_dose_summary,ctdi_vol,FLOAT,"(0018,9345)",Dose & Exposure,CT Dose Index Volume (mGy),,N,"FK: series_key → dicom_series, study_key → dicom_study"
"Table dicom_dose_summary (Dose & Exposure): Summarized exposure parameters for CT/radiography analytics. Column dose_length_product (FLOAT) - Dose Length Product (mGy*cm). DICOM tag (0018,9346).",dicom_dose_summary,dose_length_product,FLOAT,"(0018,9346)",Dose & Exposure,Dose Length Product (mGy*cm),,N,"FK: series_key → dicom_series, study_key → dicom_study"
"Table dicom_dose_summary (Dose & Exposure): Summarized exposure parameters for CT/radiography analytics. Column exposure_time (FLOAT) - Exposure time (ms). DICOM tag (0018,1150).",dicom_dose_summary,exposure_time,FLOAT,"(0018,1150)",Dose & Exposure,Exposure time (ms),,N,"FK: series_key → dicom_series, study_key → dicom_study"
"Table dicom_dose_summary (Dose & Exposure): Summarized exposure parameters for CT/radiography analytics. Column kvp (FLOAT) - Peak kilovoltage (kVp). DICOM tag (0018,0060).",dicom_dose_summary,kvp,FLOAT,"(0018,0060)",Dose & Exposure,Peak kilovoltage (kVp),,N,"FK: series_key → dicom_series, study_key → dicom_study"
"Table dicom_dose_summary (Dose & Exposure): Summarized exposure parameters for CT/radiography analytics. Column xray_tube_current (FLOAT) - X-ray tube current (mA). DICOM tag (0018,1151).",dicom_dose_summary,xray_tube_current,FLOAT,"(0018,1151)",Dose & Exposure,X-ray tube current (mA),,N,"FK: series_key → dicom_series, study_key → dicom_study"
"Table dicom_dose_summary (Dose & Exposure): Summarized exposure parameters for CT/radiography analytics. Column exposure (FLOAT) - Exposure (mAs). DICOM tag (0018,1152).",dicom_dose_summary,exposure,FLOAT,"(0018,1152)",Dose & Exposure,Exposure (mAs),,N,"FK: series_key → dicom_series, study_key → dicom_study"
"Table dicom_dose_summary (Dose & Exposure): Summarized exposure parameters for CT/radiography analytics. Column acquisition_protocol (VARCHAR) - Acquisition protocol name. DICOM tag (0018,1030).",dicom_dose_summary,acquisition_protocol,VARCHAR,"(0018,1030)",Dose & Exposure,Acquisition protocol name,,N,"FK: series_key → dicom_series, study_key → dicom_study"
Table dicom_dose_summary (Dose & Exposure): Summarized exposure parameters for CT/radiography analytics. Column _loaded_at (TIMESTAMP_NTZ) - ETL load timestamp. Constraints: DEFAULT CURRENT_TIMESTAMP().,dicom_dose_summary,_loaded_at,TIMESTAMP_NTZ,,Dose & Exposure,ETL load timestamp,DEFAULT CURRENT_TIMESTAMP(),N,"FK: series_key → dicom_series, study_key → dicom_study"
Table dicom_segmentation_metadata (Derived Objects): Metadata describing segmentation objects (SEG SOP). Column segmentation_key (INTEGER) - Surrogate key. Constraints: AUTOINCREMENT PRIMARY KEY.,dicom_segmentation_metadata,segmentation_key,INTEGER,,Derived Objects,Surrogate key,AUTOINCREMENT PRIMARY KEY,N,"FK: instance_key → dicom_instance, referenced_series_key → dicom_series"
Table dicom_segmentation_metadata (Derived Objects): Metadata describing segmentation objects (SEG SOP). Column instance_key (INTEGER) - Parent SEG instance. Constraints: FK → dicom_instance(instance_key).,dicom_segmentation_metadata,instance_key,INTEGER,,Derived Objects,Parent SEG instance,FK → dicom_instance(instance_key),N,"FK: instance_key → dicom_instance, referenced_series_key → dicom_series"
Table dicom_segmentation_metadata (Derived Objects): Metadata describing segmentation objects (SEG SOP). Column referenced_series_key (INTEGER) - Referenced source series. Constraints: FK → dicom_series(series_key).,dicom_segmentation_metadata,referenced_series_key,INTEGER,,Derived Objects,Referenced source series,FK → dicom_series(series_key),N,"FK: instance_key → dicom_instance, referenced_series_key → dicom_series"
"Table dicom_segmentation_metadata (Derived Objects): Metadata describing segmentation objects (SEG SOP). Column segment_number (INTEGER) - Segment number. DICOM tag (0062,0004).",dicom_segmentation_metadata,segment_number,INTEGER,"(0062,0004)",Derived Objects,Segment number,,N,"FK: instance_key → dicom_instance, referenced_series_key → dicom_series"
"Table dicom_segmentation_metadata (Derived Objects): Metadata describing segmentation objects (SEG SOP). Column segment_label (VARCHAR) - Segment label (e.g., Liver, Tumor). DICOM tag (0062,0005).",dicom_segmentation_metadata,segment_label,VARCHAR,"(0062,0005)",Derived Objects,"Segment label (e.g., Liver, Tumor)",,N,"FK: instance_key → dicom_instance, referenced_series_key → dicom_series"
"Table dicom_segmentation_metadata (Derived Objects): Metadata describing segmentation objects (SEG SOP). Column segment_description (VARCHAR) - Segment description. DICOM tag (0062,0006).",dicom_segmentation_metadata,segment_description,VARCHAR,"(0062,0006)",Derived Objects,Segment description,,N,"FK: instance_key → dicom_instance, referenced_series_key → dicom_series"
"Table dicom_segmentation_metadata (Derived Objects): Metadata describing segmentation objects (SEG SOP). Column segmentation_type (VARCHAR) - BINARY or FRACTIONAL. DICOM tag (0062,0001).",dicom_segmentation_metadata,segmentation_type,VARCHAR,"(0062,0001)",Derived Objects,BINARY or FRACTIONAL,,N,"FK: instance_key → dicom_instance, referenced_series_key → dicom_series"
"Table dicom_segmentation_metadata (Derived Objects): Metadata describing segmentation objects (SEG SOP). Column segmentation_fractional_type (VARCHAR) - PROBABILITY or OCCUPANCY. DICOM tag (0062,0010).",dicom_segmentation_metadata,segmentation_fractional_type,VARCHAR,"(0062,0010)",Derived Objects,PROBABILITY or OCCUPANCY,,N,"FK: instance_key → dicom_instance, referenced_series_key → dicom_series"
Table dicom_segmentation_metadata (Derived Objects): Metadata describing segmentation objects (SEG SOP). Column recommended_display_grayscale (VARIANT) - Display parameters (JSON).,dicom_segmentation_metadata,recommended_display_grayscale,VARIANT,,Derived Objects,Display parameters (JSON),,N,"FK: instance_key → dicom_instance, referenced_series_key → dicom_series"
"Table dicom_segmentation_metadata (Derived Objects): Metadata describing segmentation objects (SEG SOP). Column anatomic_region_code_seq (VARIANT) - Anatomic region code (JSON). DICOM tag (0008,2218).",dicom_segmentation_metadata,anatomic_region_code_seq,VARIANT,"(0008,2218)",Derived Objects,Anatomic region code (JSON),,N,"FK: instance_key → dicom_instance, referenced_series_key → dicom_series"
"Table dicom_segmentation_metadata (Derived Objects): Metadata describing segmentation objects (SEG SOP). Column property_category_code_seq (VARIANT) - Property category (JSON). DICOM tag (0062,0003).",dicom_segmentation_metadata,property_category_code_seq,VARIANT,"(0062,0003)",Derived Objects,Property category (JSON),,N,"FK: instance_key → dicom_instance, referenced_series_key → dicom_series"
"Table dicom_segmentation_metadata (Derived Objects): Metadata describing segmentation objects (SEG SOP). Column property_type_code_seq (VARIANT) - Property type (JSON). DICOM tag (0062,000F).",dicom_segmentation_metadata,property_type_code_seq,VARIANT,"(0062,000F)",Derived Objects,Property type (JSON),,N,"FK: instance_key → dicom_instance, referenced_series_key → dicom_series"
Table dicom_segmentation_metadata (Derived Objects): Metadata describing segmentation objects (SEG SOP). Column _loaded_at (TIMESTAMP_NTZ) - ETL load timestamp. Constraints: DEFAULT CURRENT_TIMESTAMP().,dicom_segmentation_metadata,_loaded_at,TIMESTAMP_NTZ,,Derived Objects,ETL load timestamp,DEFAULT CURRENT_TIMESTAMP(),N,"FK: instance_key → dicom_instance, referenced_series_key → dicom_series"
Table dicom_structured_report_header (Derived Objects): High-level metadata for Structured Reports (SR SOP). Column sr_header_key (INTEGER) - Surrogate key. Constraints: AUTOINCREMENT PRIMARY KEY.,dicom_structured_report_header,sr_header_key,INTEGER,,Derived Objects,Surrogate key,AUTOINCREMENT PRIMARY KEY,N,FK: instance_key → dicom_instance
Table dicom_structured_report_header (Derived Objects): High-level metadata for Structured Reports (SR SOP). Column instance_key (INTEGER) - Parent SR instance. Constraints: FK → dicom_instance(instance_key).,dicom_structured_report_header,instance_key,INTEGER,,Derived Objects,Parent SR instance,FK → dicom_instance(instance_key),N,FK: instance_key → dicom_instance
"Table dicom_structured_report_header (Derived Objects): High-level metadata for Structured Reports (SR SOP). Column completion_flag (VARCHAR) - COMPLETE or PARTIAL. DICOM tag (0040,A491).",dicom_structured_report_header,completion_flag,VARCHAR,"(0040,A491)",Derived Objects,COMPLETE or PARTIAL,,N,FK: instance_key → dicom_instance
"Table dicom_structured_report_header (Derived Objects): High-level metadata for Structured Reports (SR SOP). Column verification_flag (VARCHAR) - VERIFIED or UNVERIFIED. DICOM tag (0040,A493).",dicom_structured_report_header,verification_flag,VARCHAR,"(0040,A493)",Derived Objects,VERIFIED or UNVERIFIED,,N,FK: instance_key → dicom_instance
"Table dicom_structured_report_header (Derived Objects): High-level metadata for Structured Reports (SR SOP). Column document_title (VARCHAR) - SR document title. DICOM tag (0042,0010).",dicom_structured_report_header,document_title,VARCHAR,"(0042,0010)",Derived Objects,SR document title,,N,FK: instance_key → dicom_instance
"Table dicom_structured_report_header (Derived Objects): High-level metadata for Structured Reports (SR SOP). Column coding_scheme_identification (VARIANT) - Coding scheme references (JSON). DICOM tag (0008,0110).",dicom_structured_report_header,coding_scheme_identification,VARIANT,"(0008,0110)",Derived Objects,Coding scheme references (JSON),,N,FK: instance_key → dicom_instance
Table dicom_structured_report_header (Derived Objects): High-level metadata for Structured Reports (SR SOP). Column referenced_instance_keys (ARRAY) - Referenced SOP instances.,dicom_structured_report_header,referenced_instance_keys,ARRAY,,Derived Objects,Referenced SOP instances,,N,FK: instance_key → dicom_instance
Table dicom_structured_report_header (Derived Objects): High-level metadata for Structured Reports (SR SOP). Column _loaded_at (TIMESTAMP_NTZ) - ETL load timestamp. Constraints: DEFAULT CURRENT_TIMESTAMP().,dicom_structured_report_header,_loaded_at,TIMESTAMP_NTZ,,Derived Objects,ETL load timestamp,DEFAULT CURRENT_TIMESTAMP(),N,FK: instance_key → dicom_instance
Table dicom_file_location (Storage): Where each DICOM object is stored and how to access it. Column location_key (INTEGER) - Surrogate key. Constraints: AUTOINCREMENT PRIMARY KEY.,dicom_file_location,location_key,INTEGER,,Storage,Surrogate key,AUTOINCREMENT PRIMARY KEY,N,FK: instance_key → dicom_instance
Table dicom_file_location (Storage): Where each DICOM object is stored and how to access it. Column instance_key (INTEGER) - Parent instance. Constraints: FK → dicom_instance(instance_key).,dicom_file_location,instance_key,INTEGER,,Storage,Parent instance,FK → dicom_instance(instance_key),N,FK: instance_key → dicom_instance
Table dicom_file_location (Storage): Where each DICOM object is stored and how to access it. Column storage_uri (VARCHAR) - Full URI to DICOM object.,dicom_file_location,storage_uri,VARCHAR,,Storage,Full URI to DICOM object,,N,FK: instance_key → dicom_instance
"Table dicom_file_location (Storage): Where each DICOM object is stored and how to access it. Column storage_provider (VARCHAR) - Storage provider (S3, GCS, Azure, Snowflake).",dicom_file_location,storage_provider,VARCHAR,,Storage,"Storage provider (S3, GCS, Azure, Snowflake)",,N,FK: instance_key → dicom_instance
Table dicom_file_location (Storage): Where each DICOM object is stored and how to access it. Column storage_container (VARCHAR) - Bucket/container name.,dicom_file_location,storage_container,VARCHAR,,Storage,Bucket/container name,,N,FK: instance_key → dicom_instance
Table dicom_file_location (Storage): Where each DICOM object is stored and how to access it. Column object_key (VARCHAR) - Object key/path within container.,dicom_file_location,object_key,VARCHAR,,Storage,Object key/path within container,,N,FK: instance_key → dicom_instance
"Table dicom_file_location (Storage): Where each DICOM object is stored and how to access it. Column transfer_syntax_uid (VARCHAR) - Transfer syntax of stored object. DICOM tag (0002,0010).",dicom_file_location,transfer_syntax_uid,VARCHAR,"(0002,0010)",Storage,Transfer syntax of stored object,,N,FK: instance_key → dicom_instance
Table dicom_file_location (Storage): Where each DICOM object is stored and how to access it. Column checksum (VARCHAR) - File checksum (MD5/SHA256).,dicom_file_location,checksum,VARCHAR,,Storage,File checksum (MD5/SHA256),,N,FK: instance_key → dicom_instance
"Table dicom_file_location (Storage): Where each DICOM object is stored and how to access it. Column ingestion_source (VARCHAR) - How file was ingested (PACS, upload, etc.).",dicom_file_location,ingestion_source,VARCHAR,,Storage,"How file was ingested (PACS, upload, etc.)",,N,FK: instance_key → dicom_instance
Table dicom_file_location (Storage): Where each DICOM object is stored and how to access it. Column _loaded_at (TIMESTAMP_NTZ) - ETL load timestamp. Constraints: DEFAULT CURRENT_TIMESTAMP().,dicom_file_location,_loaded_at,TIMESTAMP_NTZ,,Storage,ETL load timestamp,DEFAULT CURRENT_TIMESTAMP(),N,FK: instance_key → dicom_instance
Table dicom_element (Generic Store): Generic store for any DICOM data element (long-tail and private tags). Column element_key (INTEGER) - Surrogate key. Constraints: AUTOINCREMENT PRIMARY KEY.,dicom_element,element_key,INTEGER,,Generic Store,Surrogate key,AUTOINCREMENT PRIMARY KEY,N,FK: instance_key → dicom_instance
Table dicom_element (Generic Store): Generic store for any DICOM data element (long-tail and private tags). Column instance_key (INTEGER) - Parent instance. Constraints: FK → dicom_instance(instance_key).,dicom_element,instance_key,INTEGER,,Generic Store,Parent instance,FK → dicom_instance(instance_key),N,FK: instance_key → dicom_instance
Table dicom_element (Generic Store): Generic store for any DICOM data element (long-tail and private tags). Column frame_number (INTEGER) - Frame number if per-frame element.,dicom_element,frame_number,INTEGER,,Generic Store,Frame number if per-frame element,,N,FK: instance_key → dicom_instance
"Table dicom_element (Generic Store): Generic store for any DICOM data element (long-tail and private tags). Column tag_group (INTEGER) - DICOM tag group (e.g., 0010).",dicom_element,tag_group,INTEGER,,Generic Store,"DICOM tag group (e.g., 0010)",,N,FK: instance_key → dicom_instance
"Table dicom_element (Generic Store): Generic store for any DICOM data element (long-tail and private tags). Column tag_element (INTEGER) - DICOM tag element (e.g., 0020).",dicom_element,tag_element,INTEGER,,Generic Store,"DICOM tag element (e.g., 0020)",,N,FK: instance_key → dicom_instance
"Table dicom_element (Generic Store): Generic store for any DICOM data element (long-tail and private tags). Column tag_hex (VARCHAR(8)) - Hex representation (e.g., 00100020).",dicom_element,tag_hex,VARCHAR(8),,Generic Store,"Hex representation (e.g., 00100020)",,N,FK: instance_key → dicom_instance
Table dicom_element (Generic Store): Generic store for any DICOM data element (long-tail and private tags). Column name (VARCHAR) - Element name from data dictionary.,dicom_element,name,VARCHAR,,Generic Store,Element name from data dictionary,,N,FK: instance_key → dicom_instance
"Table dicom_element (Generic Store): Generic store for any DICOM data element (long-tail and private tags). Column vr (VARCHAR(4)) - Value representation (LO, PN, DA, etc.).",dicom_element,vr,VARCHAR(4),,Generic Store,"Value representation (LO, PN, DA, etc.)",,N,FK: instance_key → dicom_instance
Table dicom_element (Generic Store): Generic store for any DICOM data element (long-tail and private tags). Column vm (INTEGER) - Value multiplicity.,dicom_element,vm,INTEGER,,Generic Store,Value multiplicity,,N,FK: instance_key → dicom_instance
Table dicom_element (Generic Store): Generic store for any DICOM data element (long-tail and private tags). Column value_string (VARCHAR) - String value of element.,dicom_element,value_string,VARCHAR,,Generic Store,String value of element,,N,FK: instance_key → dicom_instance
Table dicom_element (Generic Store): Generic store for any DICOM data element (long-tail and private tags). Column value_number (FLOAT) - Numeric value of element.,dicom_element,value_number,FLOAT,,Generic Store,Numeric value of element,,N,FK: instance_key → dicom_instance
Table dicom_element (Generic Store): Generic store for any DICOM data element (long-tail and private tags). Column value_datetime (TIMESTAMP_NTZ) - Date/time value of element.,dicom_element,value_datetime,TIMESTAMP_NTZ,,Generic Store,Date/time value of element,,N,FK: instance_key → dicom_instance
Table dicom_element (Generic Store): Generic store for any DICOM data element (long-tail and private tags). Column value_binary_ref (VARCHAR) - Reference to binary data.,dicom_element,value_binary_ref,VARCHAR,,Generic Store,Reference to binary data,,N,FK: instance_key → dicom_instance
Table dicom_element (Generic Store): Generic store for any DICOM data element (long-tail and private tags). Column is_private (BOOLEAN) - Whether this is a private tag.,dicom_element,is_private,BOOLEAN,,Generic Store,Whether this is a private tag,,N,FK: instance_key → dicom_instance
Table dicom_element (Generic Store): Generic store for any DICOM data element (long-tail and private tags). Column private_creator (VARCHAR) - Private creator identifier.,dicom_element,private_creator,VARCHAR,,Generic Store,Private creator identifier,,N,FK: instance_key → dicom_instance
Table dicom_element (Generic Store): Generic store for any DICOM data element (long-tail and private tags). Column sequence_item_key (INTEGER) - Parent sequence item (if nested).,dicom_element,sequence_item_key,INTEGER,,Generic Store,Parent sequence item (if nested),,N,FK: instance_key → dicom_instance
Table dicom_element (Generic Store): Generic store for any DICOM data element (long-tail and private tags). Column sequence_path (VARCHAR) - Path in sequence hierarchy.,dicom_element,sequence_path,VARCHAR,,Generic Store,Path in sequence hierarchy,,N,FK: instance_key → dicom_instance
Table dicom_element (Generic Store): Generic store for any DICOM data element (long-tail and private tags). Column _loaded_at (TIMESTAMP_NTZ) - ETL load timestamp. Constraints: DEFAULT CURRENT_TIMESTAMP().,dicom_element,_loaded_at,TIMESTAMP_NTZ,,Generic Store,ETL load timestamp,DEFAULT CURRENT_TIMESTAMP(),N,FK: instance_key → dicom_instance
Table dicom_sequence_item (Generic Store): Represents a single item within a sequence (SQ) element. Column sequence_item_key (INTEGER) - Surrogate key. Constraints: AUTOINCREMENT PRIMARY KEY.,dicom_sequence_item,sequence_item_key,INTEGER,,Generic Store,Surrogate key,AUTOINCREMENT PRIMARY KEY,N,"FK: instance_key → dicom_instance, parent_element_key → dicom_element"
Table dicom_sequence_item (Generic Store): Represents a single item within a sequence (SQ) element. Column instance_key (INTEGER) - Parent instance. Constraints: FK → dicom_instance(instance_key).,dicom_sequence_item,instance_key,INTEGER,,Generic Store,Parent instance,FK → dicom_instance(instance_key),N,"FK: instance_key → dicom_instance, parent_element_key → dicom_element"
Table dicom_sequence_item (Generic Store): Represents a single item within a sequence (SQ) element. Column parent_element_key (INTEGER) - Parent sequence element. Constraints: FK → dicom_element(element_key).,dicom_sequence_item,parent_element_key,INTEGER,,Generic Store,Parent sequence element,FK → dicom_element(element_key),N,"FK: instance_key → dicom_instance, parent_element_key → dicom_element"
Table dicom_sequence_item (Generic Store): Represents a single item within a sequence (SQ) element. Column item_index (INTEGER) - Item index within sequence (0-based).,dicom_sequence_item,item_index,INTEGER,,Generic Store,Item index within sequence (0-based),,N,"FK: instance_key → dicom_instance, parent_element_key → dicom_element"
Table dicom_sequence_item (Generic Store): Represents a single item within a sequence (SQ) element. Column sequence_path (VARCHAR) - Path in sequence hierarchy.,dicom_sequence_item,sequence_path,VARCHAR,,Generic Store,Path in sequence hierarchy,,N,"FK: instance_key → dicom_instance, parent_element_key → dicom_element"
Table dicom_sequence_item (Generic Store): Represents a single item within a sequence (SQ) element. Column _loaded_at (TIMESTAMP_NTZ) - ETL load timestamp. Constraints: DEFAULT CURRENT_TIMESTAMP().,dicom_sequence_item,_loaded_at,TIMESTAMP_NTZ,,Generic Store,ETL load timestamp,DEFAULT CURRENT_TIMESTAMP(),N,"FK: instance_key → dicom_instance, parent_element_key → dicom_element"
Table image_embedding (ML/AI): Vector representations of images for similarity search and ML. Column embedding_key (INTEGER) - Surrogate key. Constraints: AUTOINCREMENT PRIMARY KEY.,image_embedding,embedding_key,INTEGER,,ML/AI,Surrogate key,AUTOINCREMENT PRIMARY KEY,N,"FK: instance_key → dicom_instance, frame_key → dicom_frame, model_key → embedding_model"
Table image_embedding (ML/AI): Vector representations of images for similarity search and ML. Column instance_key (INTEGER) - Source image instance. Constraints: FK → dicom_instance(instance_key).,image_embedding,instance_key,INTEGER,,ML/AI,Source image instance,FK → dicom_instance(instance_key),N,"FK: instance_key → dicom_instance, frame_key → dicom_frame, model_key → embedding_model"
Table image_embedding (ML/AI): Vector representations of images for similarity search and ML. Column frame_key (INTEGER) - Source frame (if multi-frame). Constraints: FK → dicom_frame(frame_key).,image_embedding,frame_key,INTEGER,,ML/AI,Source frame (if multi-frame),FK → dicom_frame(frame_key),N,"FK: instance_key → dicom_instance, frame_key → dicom_frame, model_key → embedding_model"
Table image_embedding (ML/AI): Vector representations of images for similarity search and ML. Column segmentation_key (INTEGER) - Source segmentation. Constraints: FK → dicom_segmentation_metadata(segmentation_key).,image_embedding,segmentation_key,INTEGER,,ML/AI,Source segmentation,FK → dicom_segmentation_metadata(segmentation_key),N,"FK: instance_key → dicom_instance, frame_key → dicom_frame, model_key → embedding_model"
Table image_embedding (ML/AI): Vector representations of images for similarity search and ML. Column embedding_vector (ARRAY) - Embedding vector (float array).,image_embedding,embedding_vector,ARRAY,,ML/AI,Embedding vector (float array),,N,"FK: instance_key → dicom_instance, frame_key → dicom_frame, model_key → embedding_model"
Table image_embedding (ML/AI): Vector representations of images for similarity search and ML. Column model_key (INTEGER) - Model used to generate embedding. Constraints: FK → embedding_model(model_key).,image_embedding,model_key,INTEGER,,ML/AI,Model used to generate embedding,FK → embedding_model(model_key),N,"FK: instance_key → dicom_instance, frame_key → dicom_frame, model_key → embedding_model"
"Table image_embedding (ML/AI): Vector representations of images for similarity search and ML. Column representation_scope (VARCHAR) - FULL_IMAGE, ROI, PATCH, etc..",image_embedding,representation_scope,VARCHAR,,ML/AI,"FULL_IMAGE, ROI, PATCH, etc.",,N,"FK: instance_key → dicom_instance, frame_key → dicom_frame, model_key → embedding_model"
Table image_embedding (ML/AI): Vector representations of images for similarity search and ML. Column representation_version (VARCHAR) - Embedding version identifier.,image_embedding,representation_version,VARCHAR,,ML/AI,Embedding version identifier,,N,"FK: instance_key → dicom_instance, frame_key → dicom_frame, model_key → embedding_model"
Table image_embedding (ML/AI): Vector representations of images for similarity search and ML. Column created_at (TIMESTAMP_NTZ) - When embedding was generated. Constraints: DEFAULT CURRENT_TIMESTAMP().,image_embedding,created_at,TIMESTAMP_NTZ,,ML/AI,When embedding was generated,DEFAULT CURRENT_TIMESTAMP(),N,"FK: instance_key → dicom_instance, frame_key → dicom_frame, model_key → embedding_model"
Table image_embedding (ML/AI): Vector representations of images for similarity search and ML. Column source_image_uri (VARCHAR) - URI to source image.,image_embedding,source_image_uri,VARCHAR,,ML/AI,URI to source image,,N,"FK: instance_key → dicom_instance, frame_key → dicom_frame, model_key → embedding_model"
Table embedding_model (ML/AI): Catalog of embedding models used to generate image embeddings. Column model_key (INTEGER) - Surrogate key. Constraints: AUTOINCREMENT PRIMARY KEY.,embedding_model,model_key,INTEGER,,ML/AI,Surrogate key,AUTOINCREMENT PRIMARY KEY,N,
Table embedding_model (ML/AI): Catalog of embedding models used to generate image embeddings. Column model_name (VARCHAR) - Model name. Constraints: NOT NULL.,embedding_model,model_name,VARCHAR,,ML/AI,Model name,NOT NULL,N,
Table embedding_model (ML/AI): Catalog of embedding models used to generate image embeddings. Column model_version (VARCHAR) - Model version.,embedding_model,model_version,VARCHAR,,ML/AI,Model version,,N,
"Table embedding_model (ML/AI): Catalog of embedding models used to generate image embeddings. Column modality_scope (ARRAY) - Modalities this model handles (CT, MR, etc.).",embedding_model,modality_scope,ARRAY,,ML/AI,"Modalities this model handles (CT, MR, etc.)",,N,
"Table embedding_model (ML/AI): Catalog of embedding models used to generate image embeddings. Column task_scope (ARRAY) - Tasks: classification, detection, segmentation.",embedding_model,task_scope,ARRAY,,ML/AI,"Tasks: classification, detection, segmentation",,N,
Table embedding_model (ML/AI): Catalog of embedding models used to generate image embeddings. Column dimensionality (INTEGER) - Embedding vector dimensionality.,embedding_model,dimensionality,INTEGER,,ML/AI,Embedding vector dimensionality,,N,
Table embedding_model (ML/AI): Catalog of embedding models used to generate image embeddings. Column training_data_summary (VARCHAR) - Description of training data.,embedding_model,training_data_summary,VARCHAR,,ML/AI,Description of training data,,N,
Table embedding_model (ML/AI): Catalog of embedding models used to generate image embeddings. Column preprocessing_spec (VARIANT) - Preprocessing configuration (JSON).,embedding_model,preprocessing_spec,VARIANT,,ML/AI,Preprocessing configuration (JSON),,N,
Table embedding_model (ML/AI): Catalog of embedding models used to generate image embeddings. Column postprocessing_notes (VARCHAR) - Post-processing notes.,embedding_model,postprocessing_notes,VARCHAR,,ML/AI,Post-processing notes,,N,
Table embedding_model (ML/AI): Catalog of embedding models used to generate image embeddings. Column owning_team (VARCHAR) - Team responsible for model.,embedding_model,owning_team,VARCHAR,,ML/AI,Team responsible for model,,N,
Table embedding_model (ML/AI): Catalog of embedding models used to generate image embeddings. Column regulatory_notes (VARCHAR) - Regulatory/compliance notes.,embedding_model,regulatory_notes,VARCHAR,,ML/AI,Regulatory/compliance notes,,N,
Table embedding_model (ML/AI): Catalog of embedding models used to generate image embeddings. Column _loaded_at (TIMESTAMP_NTZ) - ETL load timestamp. Constraints: DEFAULT CURRENT_TIMESTAMP().,embedding_model,_loaded_at,TIMESTAMP_NTZ,,ML/AI,ETL load timestamp,DEFAULT CURRENT_TIMESTAMP(),N,
Table embedding_evaluation (ML/AI): Track quality metrics for embedding models on representative datasets. Column evaluation_key (INTEGER) - Surrogate key. Constraints: AUTOINCREMENT PRIMARY KEY.,embedding_evaluation,evaluation_key,INTEGER,,ML/AI,Surrogate key,AUTOINCREMENT PRIMARY KEY,N,FK: model_key → embedding_model
Table embedding_evaluation (ML/AI): Track quality metrics for embedding models on representative datasets. Column model_key (INTEGER) - Evaluated model. Constraints: FK → embedding_model(model_key).,embedding_evaluation,model_key,INTEGER,,ML/AI,Evaluated model,FK → embedding_model(model_key),N,FK: model_key → embedding_model
Table embedding_evaluation (ML/AI): Track quality metrics for embedding models on representative datasets. Column dataset_name (VARCHAR) - Evaluation dataset name.,embedding_evaluation,dataset_name,VARCHAR,,ML/AI,Evaluation dataset name,,N,FK: model_key → embedding_model
Table embedding_evaluation (ML/AI): Track quality metrics for embedding models on representative datasets. Column dataset_description (VARCHAR) - Dataset description.,embedding_evaluation,dataset_description,VARCHAR,,ML/AI,Dataset description,,N,FK: model_key → embedding_model
"Table embedding_evaluation (ML/AI): Track quality metrics for embedding models on representative datasets. Column metric_name (VARCHAR) - Metric name (AUC, accuracy, cosine_sim, etc.).",embedding_evaluation,metric_name,VARCHAR,,ML/AI,"Metric name (AUC, accuracy, cosine_sim, etc.)",,N,FK: model_key → embedding_model
Table embedding_evaluation (ML/AI): Track quality metrics for embedding models on representative datasets. Column metric_value (FLOAT) - Metric value.,embedding_evaluation,metric_value,FLOAT,,ML/AI,Metric value,,N,FK: model_key → embedding_model
Table embedding_evaluation (ML/AI): Track quality metrics for embedding models on representative datasets. Column metric_details (VARIANT) - Additional metric details (JSON).,embedding_evaluation,metric_details,VARIANT,,ML/AI,Additional metric details (JSON),,N,FK: model_key → embedding_model
Table embedding_evaluation (ML/AI): Track quality metrics for embedding models on representative datasets. Column evaluated_at (TIMESTAMP_NTZ) - When evaluation was performed. Constraints: DEFAULT CURRENT_TIMESTAMP().,embedding_evaluation,evaluated_at,TIMESTAMP_NTZ,,ML/AI,When evaluation was performed,DEFAULT CURRENT_TIMESTAMP(),N,FK: model_key → embedding_model
